-- --------------------------------------------------------
-- Host:                         127.0.0.1
-- Server version:               5.5.16-log - MySQL Community Server (GPL)
-- Server OS:                    Win32
-- HeidiSQL version:             7.0.0.4053
-- Date/time:                    2013-04-06 00:42:59
-- --------------------------------------------------------

/*!40101 SET @OLD_CHARACTER_SET_CLIENT=@@CHARACTER_SET_CLIENT */;
/*!40101 SET NAMES utf8 */;
/*!40014 SET FOREIGN_KEY_CHECKS=0 */;

-- Dumping database structure for spice
DROP DATABASE IF EXISTS `spice`;
CREATE DATABASE IF NOT EXISTS `spice` /*!40100 DEFAULT CHARACTER SET latin1 */;
USE `spice`;


-- Dumping structure for table spice.categories
DROP TABLE IF EXISTS `categories`;
CREATE TABLE IF NOT EXISTS `categories` (
  `id` int(10) NOT NULL AUTO_INCREMENT,
  `name` varchar(255) DEFAULT NULL,
  `status` enum('a','i') DEFAULT 'a',
  PRIMARY KEY (`id`)
) ENGINE=InnoDB AUTO_INCREMENT=2 DEFAULT CHARSET=latin1;

-- Dumping data for table spice.categories: ~1 rows (approximately)
DELETE FROM `categories`;
/*!40000 ALTER TABLE `categories` DISABLE KEYS */;
INSERT INTO `categories` (`id`, `name`, `status`) VALUES
	(1, 'smart phones', 'a');
/*!40000 ALTER TABLE `categories` ENABLE KEYS */;


-- Dumping structure for table spice.ci_sessions
DROP TABLE IF EXISTS `ci_sessions`;
CREATE TABLE IF NOT EXISTS `ci_sessions` (
  `session_id` varchar(40) NOT NULL DEFAULT '0',
  `session_start` int(10) unsigned NOT NULL DEFAULT '0',
  `last_activity` int(10) unsigned NOT NULL DEFAULT '0',
  `ip_address` varchar(16) NOT NULL DEFAULT '0',
  `user_agent` varchar(50) NOT NULL,
  `session_data` text NOT NULL,
  `user_data` text NOT NULL,
  PRIMARY KEY (`session_id`)
) ENGINE=InnoDB DEFAULT CHARSET=latin1;

-- Dumping data for table spice.ci_sessions: ~0 rows (approximately)
DELETE FROM `ci_sessions`;
/*!40000 ALTER TABLE `ci_sessions` DISABLE KEYS */;
/*!40000 ALTER TABLE `ci_sessions` ENABLE KEYS */;


-- Dumping structure for table spice.customers
DROP TABLE IF EXISTS `customers`;
CREATE TABLE IF NOT EXISTS `customers` (
  `id` int(10) NOT NULL AUTO_INCREMENT,
  `first_name` varchar(255) DEFAULT NULL,
  `last_name` varchar(255) DEFAULT NULL,
  `address` text,
  `city` varchar(255) DEFAULT NULL,
  `state` varchar(255) DEFAULT NULL,
  `zip` varchar(255) DEFAULT NULL,
  `phone_number1` varchar(255) DEFAULT NULL,
  `phone_number2` varchar(255) DEFAULT NULL,
  `status` enum('a','i') DEFAULT 'a',
  PRIMARY KEY (`id`)
) ENGINE=InnoDB AUTO_INCREMENT=11 DEFAULT CHARSET=latin1;

-- Dumping data for table spice.customers: ~7 rows (approximately)
DELETE FROM `customers`;
/*!40000 ALTER TABLE `customers` DISABLE KEYS */;
INSERT INTO `customers` (`id`, `first_name`, `last_name`, `address`, `city`, `state`, `zip`, `phone_number1`, `phone_number2`, `status`) VALUES
	(1, 'raja', 'shekar', 'borabanda', 'hyd', 'ap', '500018', '99999999', '99999999', 'a'),
	(2, 'raja', 'shekar', 'borabanda', 'hyd', 'ap', '500018', '9999999999', '9999999999', 'a'),
	(3, 'customer', '3', 'borabanda', 'hyd', 'ap', '500018', '777888888', '888888888', 'a'),
	(4, 'customer', '4', 'borabanda', 'hyderabad', 'ap', '500019', '8888888888', '88888888888', 'a'),
	(5, 'ajay', 'kumar', 'borabanda1', 'hyd', 'ap', '500018', '9999988888', '9999900000', 'a'),
	(6, 'krishna', 'veni', 'h.f.nagar', 'hyd', 'ap', '500018', '3333444443', '9999933333', 'a'),
	(10, 'Narendra', 'Kumar', 'HYD', 'hyd', 'ap', '500082', '2121212212', '3131313131', 'a');
/*!40000 ALTER TABLE `customers` ENABLE KEYS */;


-- Dumping structure for table spice.login_trace
DROP TABLE IF EXISTS `login_trace`;
CREATE TABLE IF NOT EXISTS `login_trace` (
  `id` bigint(20) NOT NULL AUTO_INCREMENT,
  `users_id` int(11) NOT NULL,
  `login_time` datetime DEFAULT NULL,
  `logout_time` datetime DEFAULT NULL,
  `browser` varchar(255) DEFAULT NULL,
  `version` varchar(255) DEFAULT NULL,
  `os` varchar(255) DEFAULT NULL,
  `is_robot` enum('Y','N') DEFAULT 'N',
  `user_agent` varchar(255) DEFAULT NULL,
  `is_chrome_frame` enum('Y','N') DEFAULT 'N',
  `ip_address` varchar(255) DEFAULT NULL,
  PRIMARY KEY (`id`)
) ENGINE=InnoDB AUTO_INCREMENT=32 DEFAULT CHARSET=latin1;

-- Dumping data for table spice.login_trace: ~31 rows (approximately)
DELETE FROM `login_trace`;
/*!40000 ALTER TABLE `login_trace` DISABLE KEYS */;
INSERT INTO `login_trace` (`id`, `users_id`, `login_time`, `logout_time`, `browser`, `version`, `os`, `is_robot`, `user_agent`, `is_chrome_frame`, `ip_address`) VALUES
	(1, 1, '2013-03-13 19:01:04', NULL, 'Chrome', '25.0.1364.152', 'Windows', 'N', 'Mozilla/5.0 (Windows NT 6.1) AppleWebKit/537.22 (KHTML, like Gecko) Chrome/25.0.1364.152 Safari/537.22', 'N', '127.0.0.1'),
	(2, 1, '2013-03-13 19:06:40', '2013-03-13 19:10:16', 'Chrome', '25.0.1364.152', 'Windows', 'N', 'Mozilla/5.0 (Windows NT 6.1) AppleWebKit/537.22 (KHTML, like Gecko) Chrome/25.0.1364.152 Safari/537.22', 'N', '127.0.0.1'),
	(3, 1, '2013-03-13 19:12:16', '2013-03-13 19:16:37', 'Chrome', '25.0.1364.152', 'Windows', 'N', 'Mozilla/5.0 (Windows NT 6.1) AppleWebKit/537.22 (KHTML, like Gecko) Chrome/25.0.1364.152 Safari/537.22', 'N', '127.0.0.1'),
	(4, 1, '2013-03-13 19:16:49', '2013-03-13 19:17:16', 'Chrome', '25.0.1364.152', 'Windows', 'N', 'Mozilla/5.0 (Windows NT 6.1) AppleWebKit/537.22 (KHTML, like Gecko) Chrome/25.0.1364.152 Safari/537.22', 'N', '127.0.0.1'),
	(5, 1, '2013-03-13 19:21:41', '2013-03-13 19:25:35', 'Chrome', '25.0.1364.152', 'Windows', 'N', 'Mozilla/5.0 (Windows NT 6.1) AppleWebKit/537.22 (KHTML, like Gecko) Chrome/25.0.1364.152 Safari/537.22', 'N', '127.0.0.1'),
	(6, 1, '2013-03-13 19:26:58', NULL, 'Chrome', '25.0.1364.152', 'Windows', 'N', 'Mozilla/5.0 (Windows NT 6.1) AppleWebKit/537.22 (KHTML, like Gecko) Chrome/25.0.1364.152 Safari/537.22', 'N', '127.0.0.1'),
	(7, 1, '2013-03-14 17:31:25', '2013-03-14 17:31:39', 'Chrome', '25.0.1364.152', 'Windows', 'N', 'Mozilla/5.0 (Windows NT 6.1) AppleWebKit/537.22 (KHTML, like Gecko) Chrome/25.0.1364.152 Safari/537.22', 'N', '127.0.0.1'),
	(8, 1, '2013-03-14 17:34:38', NULL, 'Chrome', '25.0.1364.152', 'Windows', 'N', 'Mozilla/5.0 (Windows NT 6.1) AppleWebKit/537.22 (KHTML, like Gecko) Chrome/25.0.1364.152 Safari/537.22', 'N', '127.0.0.1'),
	(9, 1, '2013-03-15 17:22:56', '2013-03-15 17:24:03', 'Chrome', '25.0.1364.172', 'Windows', 'N', 'Mozilla/5.0 (Windows NT 6.1) AppleWebKit/537.22 (KHTML, like Gecko) Chrome/25.0.1364.172 Safari/537.22', 'N', '127.0.0.1'),
	(10, 1, '2013-03-15 17:27:05', '2013-03-15 17:55:51', 'Chrome', '25.0.1364.172', 'Windows', 'N', 'Mozilla/5.0 (Windows NT 6.1) AppleWebKit/537.22 (KHTML, like Gecko) Chrome/25.0.1364.172 Safari/537.22', 'N', '127.0.0.1'),
	(11, 1, '2013-03-15 17:56:07', '2013-03-15 18:14:20', 'Chrome', '25.0.1364.172', 'Windows', 'N', 'Mozilla/5.0 (Windows NT 6.1) AppleWebKit/537.22 (KHTML, like Gecko) Chrome/25.0.1364.172 Safari/537.22', 'N', '127.0.0.1'),
	(12, 1, '2013-03-15 18:14:48', '2013-03-15 18:41:45', 'Chrome', '25.0.1364.172', 'Windows', 'N', 'Mozilla/5.0 (Windows NT 6.1) AppleWebKit/537.22 (KHTML, like Gecko) Chrome/25.0.1364.172 Safari/537.22', 'N', '127.0.0.1'),
	(13, 1, '2013-03-15 18:42:52', '2013-03-15 19:59:46', 'Chrome', '25.0.1364.172', 'Windows', 'N', 'Mozilla/5.0 (Windows NT 6.1) AppleWebKit/537.22 (KHTML, like Gecko) Chrome/25.0.1364.172 Safari/537.22', 'N', '127.0.0.1'),
	(14, 1, '2013-03-17 17:00:32', NULL, 'Chrome', '25.0.1364.172', 'Windows', 'N', 'Mozilla/5.0 (Windows NT 6.1) AppleWebKit/537.22 (KHTML, like Gecko) Chrome/25.0.1364.172 Safari/537.22', 'N', '127.0.0.1'),
	(15, 1, '2013-03-18 17:33:14', NULL, 'Chrome', '25.0.1364.172', 'Windows', 'N', 'Mozilla/5.0 (Windows NT 6.1) AppleWebKit/537.22 (KHTML, like Gecko) Chrome/25.0.1364.172 Safari/537.22', 'N', '127.0.0.1'),
	(16, 1, '2013-03-19 16:54:52', '2013-03-19 16:56:49', 'Chrome', '25.0.1364.172', 'Windows', 'N', 'Mozilla/5.0 (Windows NT 6.1) AppleWebKit/537.22 (KHTML, like Gecko) Chrome/25.0.1364.172 Safari/537.22', 'N', '127.0.0.1'),
	(17, 1, '2013-03-19 16:56:59', NULL, 'Chrome', '25.0.1364.172', 'Windows', 'N', 'Mozilla/5.0 (Windows NT 6.1) AppleWebKit/537.22 (KHTML, like Gecko) Chrome/25.0.1364.172 Safari/537.22', 'N', '127.0.0.1'),
	(18, 1, '2013-03-20 18:18:39', NULL, 'Chrome', '25.0.1364.172', 'Windows', 'N', 'Mozilla/5.0 (Windows NT 6.1) AppleWebKit/537.22 (KHTML, like Gecko) Chrome/25.0.1364.172 Safari/537.22', 'N', '127.0.0.1'),
	(19, 1, '2013-03-21 17:41:24', NULL, 'Chrome', '25.0.1364.172', 'Windows', 'N', 'Mozilla/5.0 (Windows NT 6.1) AppleWebKit/537.22 (KHTML, like Gecko) Chrome/25.0.1364.172 Safari/537.22', 'N', '127.0.0.1'),
	(20, 1, '2013-03-22 17:45:27', NULL, 'Chrome', '25.0.1364.172', 'Windows', 'N', 'Mozilla/5.0 (Windows NT 6.1) AppleWebKit/537.22 (KHTML, like Gecko) Chrome/25.0.1364.172 Safari/537.22', 'N', '127.0.0.1'),
	(21, 1, '2013-03-23 15:10:24', NULL, 'Chrome', '25.0.1364.172', 'Windows', 'N', 'Mozilla/5.0 (Windows NT 6.1) AppleWebKit/537.22 (KHTML, like Gecko) Chrome/25.0.1364.172 Safari/537.22', 'N', '127.0.0.1'),
	(22, 1, '2013-03-23 17:05:19', NULL, 'Firefox', '19.0', 'Windows', 'N', 'Mozilla/5.0 (Windows NT 6.1; rv:19.0) Gecko/20100101 Firefox/19.0', 'N', '127.0.0.1'),
	(23, 1, '2013-03-25 17:19:31', NULL, 'Chrome', '25.0.1364.172', 'Windows', 'N', 'Mozilla/5.0 (Windows NT 6.1) AppleWebKit/537.22 (KHTML, like Gecko) Chrome/25.0.1364.172 Safari/537.22', 'N', '127.0.0.1'),
	(24, 1, '2013-03-26 18:09:35', NULL, 'Chrome', '25.0.1364.172', 'Windows', 'N', 'Mozilla/5.0 (Windows NT 6.1) AppleWebKit/537.22 (KHTML, like Gecko) Chrome/25.0.1364.172 Safari/537.22', 'N', '127.0.0.1'),
	(25, 1, '2013-03-27 05:32:26', NULL, 'Chrome', '25.0.1364.172', 'Windows', 'N', 'Mozilla/5.0 (Windows NT 6.1) AppleWebKit/537.22 (KHTML, like Gecko) Chrome/25.0.1364.172 Safari/537.22', 'N', '127.0.0.1'),
	(26, 1, '2013-03-27 18:22:26', NULL, 'Chrome', '25.0.1364.172', 'Windows', 'N', 'Mozilla/5.0 (Windows NT 6.1) AppleWebKit/537.22 (KHTML, like Gecko) Chrome/25.0.1364.172 Safari/537.22', 'N', '127.0.0.1'),
	(27, 1, '2013-03-30 16:35:57', NULL, 'Chrome', '25.0.1364.172', 'Windows', 'N', 'Mozilla/5.0 (Windows NT 6.1) AppleWebKit/537.22 (KHTML, like Gecko) Chrome/25.0.1364.172 Safari/537.22', 'N', '127.0.0.1'),
	(28, 1, '2013-04-01 17:59:03', NULL, 'Chrome', '25.0.1364.172', 'Windows', 'N', 'Mozilla/5.0 (Windows NT 6.1) AppleWebKit/537.22 (KHTML, like Gecko) Chrome/25.0.1364.172 Safari/537.22', 'N', '127.0.0.1'),
	(29, 1, '2013-04-02 17:24:41', NULL, 'Chrome', '25.0.1364.172', 'Windows', 'N', 'Mozilla/5.0 (Windows NT 6.1) AppleWebKit/537.22 (KHTML, like Gecko) Chrome/25.0.1364.172 Safari/537.22', 'N', '127.0.0.1'),
	(30, 1, '2013-04-04 17:28:22', NULL, 'Chrome', '26.0.1410.43', 'Windows', 'N', 'Mozilla/5.0 (Windows NT 6.1) AppleWebKit/537.31 (KHTML, like Gecko) Chrome/26.0.1410.43 Safari/537.31', 'N', '127.0.0.1'),
	(31, 1, '2013-04-05 17:30:50', NULL, 'Chrome', '26.0.1410.43', 'Windows', 'N', 'Mozilla/5.0 (Windows NT 6.1) AppleWebKit/537.31 (KHTML, like Gecko) Chrome/26.0.1410.43 Safari/537.31', 'N', '127.0.0.1');
/*!40000 ALTER TABLE `login_trace` ENABLE KEYS */;


-- Dumping structure for table spice.models
DROP TABLE IF EXISTS `models`;
CREATE TABLE IF NOT EXISTS `models` (
  `id` int(10) NOT NULL AUTO_INCREMENT,
  `name` varchar(255) DEFAULT NULL,
  `model_number` varchar(255) DEFAULT NULL,
  `price` double DEFAULT NULL,
  `categories_id` int(11) DEFAULT NULL,
  `status` enum('a','i') DEFAULT 'a',
  PRIMARY KEY (`id`),
  KEY `FK_models_categories` (`categories_id`),
  CONSTRAINT `FK_models_categories` FOREIGN KEY (`categories_id`) REFERENCES `categories` (`id`)
) ENGINE=InnoDB AUTO_INCREMENT=11 DEFAULT CHARSET=latin1;

-- Dumping data for table spice.models: ~10 rows (approximately)
DELETE FROM `models`;
/*!40000 ALTER TABLE `models` DISABLE KEYS */;
INSERT INTO `models` (`id`, `name`, `model_number`, `price`, `categories_id`, `status`) VALUES
	(1, 'spice 1', '1', 15000, 1, 'a'),
	(2, 'test1', '3434', 4564, 1, 'a'),
	(3, 'test2', '3434', 4564, 1, 'a'),
	(4, 'test3', '3434', 4564, 1, 'a'),
	(5, 'test4', '3434', 4564, 1, 'a'),
	(6, 'test5', '123', 4564, 1, 'a'),
	(7, 'spice 2', '2', 5000, 1, 'a'),
	(8, 'spice 3', '333', 6500, 1, 'a'),
	(9, 'ytut1', 'tut', 656.76, NULL, 'a'),
	(10, 'sfdds', '4534', 354.897, NULL, 'a');
/*!40000 ALTER TABLE `models` ENABLE KEYS */;


-- Dumping structure for table spice.products
DROP TABLE IF EXISTS `products`;
CREATE TABLE IF NOT EXISTS `products` (
  `id` int(10) NOT NULL AUTO_INCREMENT,
  `models_id` int(11) DEFAULT NULL,
  `imei_number` varchar(255) DEFAULT NULL,
  `status` enum('a','i','s','r','c') DEFAULT 'a' COMMENT 'a - active, i - inactive, s - sold, r - return to store, c - sale cancel',
  PRIMARY KEY (`id`),
  KEY `FK_products_models` (`models_id`),
  CONSTRAINT `FK_products_models` FOREIGN KEY (`models_id`) REFERENCES `models` (`id`)
) ENGINE=InnoDB AUTO_INCREMENT=46 DEFAULT CHARSET=latin1;

-- Dumping data for table spice.products: ~45 rows (approximately)
DELETE FROM `products`;
/*!40000 ALTER TABLE `products` DISABLE KEYS */;
INSERT INTO `products` (`id`, `models_id`, `imei_number`, `status`) VALUES
	(1, 1, '357415039962393', 'r'),
	(2, 1, '357415039962401', 'r'),
	(3, 1, '357415039962393', 'r'),
	(4, 1, '357415039962401', 's'),
	(5, 1, '357415039962393', 's'),
	(6, 1, '357415039962401', 's'),
	(7, 4, '1', 'r'),
	(8, 4, '2', 'r'),
	(9, 4, '3', 'r'),
	(10, 4, '4', 'a'),
	(11, 2, '5', 's'),
	(12, 2, '6', 's'),
	(13, 2, '7', 'a'),
	(14, 2, '8', 'a'),
	(15, 5, '11', 's'),
	(16, 5, '12', 's'),
	(17, 5, '13', 's'),
	(18, 5, '14', 's'),
	(19, 1, 'jjj', 's'),
	(20, 7, 'ssssssssss', 's'),
	(21, 8, 'sssssssssssss', 's'),
	(22, 8, 'xxx', 'a'),
	(23, 1, 'ss', 's'),
	(24, 8, 'XXX111', 's'),
	(25, 8, 'XXX222', 's'),
	(26, 8, 'XXX333', 's'),
	(27, 8, 'XXX444', 's'),
	(28, 8, 'XXX555', 's'),
	(29, 8, 'XXX666', 's'),
	(30, 8, 'XXX777', 's'),
	(31, 8, 'XXX888', 's'),
	(32, 8, 'XXX999', 's'),
	(33, 8, 'XXX1010', 'a'),
	(34, 1, 'YYYYYYYYYYYY111', 's'),
	(35, 1, 'YYYYYYYYYYYY112', 's'),
	(36, 1, 'YYYYYYYYYYYY113', 'a'),
	(37, 1, 'YYYYYYYYYYYY114', 'a'),
	(38, 1, 'YYYYYYYYYYYY115', 'a'),
	(39, 1, 'YYYYYYYYYYYY116', 'a'),
	(40, 7, 'YYYYYYYYYYYY117', 's'),
	(41, 7, 'YYYYYYYYYYYY118', 's'),
	(42, 7, 'YYYYYYYYYYYY119', 'a'),
	(43, 7, 'YYYYYYYYYYYY120', 'a'),
	(44, 7, 'YYYYYYYYYYYY121', 'a'),
	(45, 7, 'YYYYYYYYYYYY122', 'a');
/*!40000 ALTER TABLE `products` ENABLE KEYS */;


-- Dumping structure for table spice.sales
DROP TABLE IF EXISTS `sales`;
CREATE TABLE IF NOT EXISTS `sales` (
  `id` int(10) NOT NULL AUTO_INCREMENT,
  `invoice_number` varchar(255) NOT NULL,
  `customers_id` int(10) DEFAULT NULL,
  `total_sale_amount` float(10,2) DEFAULT NULL,
  `discount` float(10,2) DEFAULT NULL,
  `amount_after_discount` double(10,2) DEFAULT NULL,
  `vat` float(10,2) DEFAULT '0.00',
  `vat_amount` float(10,2) DEFAULT '0.00',
  `amount_with_vat` float(10,2) DEFAULT '0.00',
  `payment_method` enum('cr','ca') DEFAULT 'cr' COMMENT 'cr - credit, ca - cash',
  `other_details` varchar(255) DEFAULT NULL COMMENT 'cheque details',
  `date_added` timestamp NULL DEFAULT CURRENT_TIMESTAMP,
  `date_modified` datetime DEFAULT NULL,
  PRIMARY KEY (`id`)
) ENGINE=InnoDB AUTO_INCREMENT=22 DEFAULT CHARSET=latin1;

-- Dumping data for table spice.sales: ~21 rows (approximately)
DELETE FROM `sales`;
/*!40000 ALTER TABLE `sales` DISABLE KEYS */;
INSERT INTO `sales` (`id`, `invoice_number`, `customers_id`, `total_sale_amount`, `discount`, `amount_after_discount`, `vat`, `vat_amount`, `amount_with_vat`, `payment_method`, `other_details`, `date_added`, `date_modified`) VALUES
	(1, '1', 4, 90000.00, 5.00, 85500.00, NULL, NULL, NULL, 'ca', 'test', '2013-03-05 18:28:54', NULL),
	(2, '2', 4, 13692.00, 5.00, 13007.40, NULL, NULL, NULL, 'ca', 'test', '2013-03-09 18:04:43', NULL),
	(3, '3', 4, 13692.00, 5.00, 13007.40, NULL, NULL, NULL, 'ca', 'test', '2013-03-09 18:12:31', NULL),
	(4, '4', 4, 4564.00, 5.00, 4335.80, NULL, NULL, NULL, 'ca', 'test', '2013-03-09 18:13:23', NULL),
	(5, '5', 3, 4564.00, 4.00, 4381.44, NULL, NULL, NULL, 'ca', 'asdf', '2013-03-09 18:13:59', NULL),
	(6, '6', 4, 4564.00, 0.00, 4564.00, NULL, NULL, NULL, 'ca', '', '2013-03-09 18:14:24', NULL),
	(7, '7', 0, 4564.00, 0.00, 4564.00, NULL, NULL, NULL, 'ca', '', '2013-03-09 18:14:45', NULL),
	(8, '8', 0, 4564.00, 0.00, 4564.00, NULL, NULL, NULL, 'ca', '', '2013-03-09 18:16:22', NULL),
	(9, '9', 0, 4564.00, 0.00, 4564.00, NULL, NULL, NULL, 'ca', '', '2013-03-09 18:17:17', NULL),
	(10, '10', 0, 4564.00, 0.00, 4564.00, NULL, NULL, NULL, 'ca', '', '2013-03-09 18:18:01', NULL),
	(11, '11', 0, 4564.00, 0.00, 4564.00, NULL, NULL, NULL, 'ca', '', '2013-03-09 18:18:37', NULL),
	(12, '12', 0, 4564.00, 0.00, 4564.00, NULL, NULL, NULL, 'ca', '', '2013-03-09 18:20:24', NULL),
	(13, '13', 10, 4564.00, 0.00, 4564.00, NULL, NULL, NULL, 'ca', 'no', '2013-03-18 18:03:53', NULL),
	(14, '14', 10, 18256.00, 0.00, 18256.00, NULL, NULL, NULL, 'ca', 'dddd', '2013-03-18 18:14:40', NULL),
	(15, '15', 5, 6500.00, 0.00, 6500.00, NULL, NULL, NULL, 'ca', 'ss', '2013-03-22 18:43:10', NULL),
	(16, '16', 5, 6500.00, 0.00, 6500.00, NULL, NULL, NULL, 'ca', 'd', '2013-03-22 18:46:55', NULL),
	(17, '17', 5, 5000.00, 0.00, 5000.00, NULL, NULL, NULL, 'ca', 'd', '2013-03-22 18:55:05', NULL),
	(18, '18', 10, 69000.00, 0.00, 69000.00, NULL, NULL, NULL, 'ca', 'Others', '2013-03-26 19:03:14', NULL),
	(19, '19', 10, 13000.00, 3.00, 12610.00, 4.00, 0.00, 0.00, 'ca', 'ww', '2013-03-30 16:51:37', NULL),
	(20, '20', 3, 6500.00, 3.00, 6305.00, 4.00, 253.00, 6558.00, 'cr', 'rr', '2013-03-30 17:19:34', NULL),
	(21, '21', 5, 40000.00, 3.00, 38800.00, 5.00, 1940.00, 40740.00, 'ca', 'aa', '2013-04-04 18:16:40', NULL);
/*!40000 ALTER TABLE `sales` ENABLE KEYS */;


-- Dumping structure for table spice.sales_payment_details
DROP TABLE IF EXISTS `sales_payment_details`;
CREATE TABLE IF NOT EXISTS `sales_payment_details` (
  `id` int(10) NOT NULL AUTO_INCREMENT,
  `receipt_number` int(11) DEFAULT NULL,
  `sales_id` int(10) DEFAULT NULL,
  `amount` double(10,2) DEFAULT NULL,
  `date_added` timestamp NULL DEFAULT CURRENT_TIMESTAMP,
  PRIMARY KEY (`id`)
) ENGINE=InnoDB AUTO_INCREMENT=34 DEFAULT CHARSET=latin1;

-- Dumping data for table spice.sales_payment_details: ~32 rows (approximately)
DELETE FROM `sales_payment_details`;
/*!40000 ALTER TABLE `sales_payment_details` DISABLE KEYS */;
INSERT INTO `sales_payment_details` (`id`, `receipt_number`, `sales_id`, `amount`, `date_added`) VALUES
	(1, 1, 1, 5500.00, '2013-03-05 18:28:55'),
	(2, 2, 2, 7.40, '2013-03-09 18:04:43'),
	(3, 3, 3, 7.40, '2013-03-09 18:12:31'),
	(4, 4, 4, 5.80, '2013-03-09 18:13:23'),
	(5, 5, 5, 1.44, '2013-03-09 18:14:00'),
	(6, 6, 6, 0.00, '2013-03-09 18:14:24'),
	(7, 7, 7, 0.00, '2013-03-09 18:14:45'),
	(8, 8, 8, 0.00, '2013-03-09 18:16:22'),
	(9, 9, 9, 0.00, '2013-03-09 18:17:17'),
	(10, 10, 10, 0.00, '2013-03-09 18:18:01'),
	(11, 11, 11, 0.00, '2013-03-09 18:18:37'),
	(12, 12, 12, 0.00, '2013-03-09 18:20:24'),
	(13, 13, 13, 4564.00, '2013-03-18 18:03:54'),
	(15, 14, 1, 18256.00, '2013-03-19 19:06:32'),
	(16, 16, 15, 6500.00, '2013-03-22 18:43:11'),
	(17, 17, 16, 6500.00, '2013-03-22 18:46:55'),
	(18, 18, 17, 5000.00, '2013-03-22 18:55:05'),
	(19, 19, 17, 99999999.99, '2013-03-22 19:57:03'),
	(20, 20, 16, 2222.00, '2013-03-22 19:58:19'),
	(21, 21, 18, 69000.00, '2013-03-26 19:03:15'),
	(22, 22, 6, 2000.00, '2013-03-01 18:20:27'),
	(23, 23, 6, 1000.00, '2013-03-27 18:22:50'),
	(24, 24, 6, 1000.00, '2013-03-27 18:22:56'),
	(25, 25, 6, 1000.00, '2013-03-27 18:22:58'),
	(26, 26, 6, 1000.00, '2013-03-27 18:22:59'),
	(27, 27, 6, 1000.00, '2013-03-27 18:23:01'),
	(28, 28, 6, 1000.00, '2013-03-27 18:23:02'),
	(29, 29, 6, 1000.00, '2013-03-27 18:23:03'),
	(30, 30, 5, 33.00, '2013-03-27 18:24:07'),
	(31, 31, 19, 13115.00, '2013-03-30 16:51:37'),
	(32, 32, 20, 6558.00, '2013-03-30 17:19:34'),
	(33, 33, 21, 40000.00, '2013-04-04 18:16:40');
/*!40000 ALTER TABLE `sales_payment_details` ENABLE KEYS */;


-- Dumping structure for table spice.sales_products
DROP TABLE IF EXISTS `sales_products`;
CREATE TABLE IF NOT EXISTS `sales_products` (
  `id` int(10) NOT NULL AUTO_INCREMENT,
  `sales_id` int(10) DEFAULT NULL,
  `products_id` varchar(255) DEFAULT NULL,
  PRIMARY KEY (`id`)
) ENGINE=InnoDB AUTO_INCREMENT=48 DEFAULT CHARSET=latin1;

-- Dumping data for table spice.sales_products: ~43 rows (approximately)
DELETE FROM `sales_products`;
/*!40000 ALTER TABLE `sales_products` DISABLE KEYS */;
INSERT INTO `sales_products` (`id`, `sales_id`, `products_id`) VALUES
	(1, 1, '357415039962393'),
	(2, 1, '357415039962401'),
	(3, 1, '357415039962393'),
	(4, 1, '357415039962401'),
	(5, 1, '357415039962393'),
	(6, 1, '357415039962401'),
	(7, 2, '11'),
	(8, 2, '12'),
	(9, 2, '13'),
	(10, 3, '11'),
	(11, 3, '12'),
	(12, 3, '13'),
	(13, 4, '14'),
	(14, 5, '11'),
	(15, 6, '13'),
	(16, 7, '12'),
	(17, 8, '12'),
	(18, 9, '12'),
	(19, 10, '12'),
	(20, 11, '12'),
	(21, 12, '12'),
	(22, 13, '5'),
	(27, 1, '5'),
	(28, 1, '6'),
	(29, 1, '11'),
	(30, 1, '12'),
	(31, 16, 'sssssssssssss'),
	(32, 17, 'ssssssssss'),
	(33, 18, 'jjj'),
	(34, 18, 'ss'),
	(35, 18, 'XXX111'),
	(36, 18, 'XXX222'),
	(37, 18, 'XXX333'),
	(38, 18, 'XXX444'),
	(39, 18, 'XXX555'),
	(40, 18, 'XXX666'),
	(41, 19, 'XXX888'),
	(42, 19, 'XXX999'),
	(43, 20, 'XXX777'),
	(44, 21, 'YYYYYYYYYYYY111'),
	(45, 21, 'YYYYYYYYYYYY112'),
	(46, 21, 'YYYYYYYYYYYY117'),
	(47, 21, 'YYYYYYYYYYYY118');
/*!40000 ALTER TABLE `sales_products` ENABLE KEYS */;


-- Dumping structure for table spice.update_history_details
DROP TABLE IF EXISTS `update_history_details`;
CREATE TABLE IF NOT EXISTS `update_history_details` (
  `id` int(11) NOT NULL AUTO_INCREMENT,
  `update_history_main_id` int(11) NOT NULL,
  `field_name` varchar(100) DEFAULT NULL,
  `old_value` varchar(100) DEFAULT NULL,
  `new_value` varchar(100) DEFAULT NULL,
  PRIMARY KEY (`id`),
  KEY `update_history_main_id` (`update_history_main_id`),
  CONSTRAINT `update_history_details_ibfk_1` FOREIGN KEY (`update_history_main_id`) REFERENCES `update_history_main` (`id`) ON DELETE CASCADE ON UPDATE CASCADE
) ENGINE=InnoDB DEFAULT CHARSET=latin1;

-- Dumping data for table spice.update_history_details: ~0 rows (approximately)
DELETE FROM `update_history_details`;
/*!40000 ALTER TABLE `update_history_details` DISABLE KEYS */;
/*!40000 ALTER TABLE `update_history_details` ENABLE KEYS */;


-- Dumping structure for table spice.update_history_details_php
DROP TABLE IF EXISTS `update_history_details_php`;
CREATE TABLE IF NOT EXISTS `update_history_details_php` (
  `id` int(11) NOT NULL AUTO_INCREMENT,
  `update_history_main_php_id` int(11) NOT NULL,
  `field_name` varchar(100) DEFAULT NULL,
  `old_value` varchar(100) DEFAULT NULL,
  `new_value` varchar(100) DEFAULT NULL,
  PRIMARY KEY (`id`),
  KEY `update_history_main_php_id` (`update_history_main_php_id`),
  CONSTRAINT `update_history_details_php_ibfk_1` FOREIGN KEY (`update_history_main_php_id`) REFERENCES `update_history_main_php` (`id`) ON DELETE CASCADE ON UPDATE CASCADE
) ENGINE=InnoDB AUTO_INCREMENT=1526 DEFAULT CHARSET=latin1;

-- Dumping data for table spice.update_history_details_php: ~1,333 rows (approximately)
DELETE FROM `update_history_details_php`;
/*!40000 ALTER TABLE `update_history_details_php` DISABLE KEYS */;
INSERT INTO `update_history_details_php` (`id`, `update_history_main_php_id`, `field_name`, `old_value`, `new_value`) VALUES
	(1, 1, 'name', '', 'test'),
	(2, 1, 'model_number', '', '3434'),
	(3, 1, 'price', '', '4564'),
	(4, 2, 'models_id', '', '1'),
	(5, 2, 'imei_number', '', 'werrwer'),
	(6, 3, 'first_name', '', 'raja'),
	(7, 3, 'last_name', '', 'shekar'),
	(8, 3, 'address', '', 'borabanda'),
	(9, 3, 'city', '', 'hyd'),
	(10, 3, 'state', '', 'ap'),
	(11, 3, 'zip', '', '500018'),
	(12, 3, 'phone_number1', '', '9999999999'),
	(13, 3, 'phone_number2', '', '9999999999'),
	(14, 4, 'customers_id', '', '1'),
	(15, 4, 'total_sale_amount', '', '1000'),
	(16, 4, 'payment_method', '', 'ca'),
	(17, 4, 'other_details', '', 'asdf'),
	(18, 4, 'discount', '', '10'),
	(19, 4, 'date_added', '', '2013-02-22 19:03:03'),
	(20, 5, 'customers_id', '', '1'),
	(21, 5, 'total_sale_amount', '', '1000'),
	(22, 5, 'payment_method', '', 'ca'),
	(23, 5, 'other_details', '', 'asdf'),
	(24, 5, 'discount', '', '10'),
	(25, 5, 'date_added', '', '2013-02-22 19:04:10'),
	(26, 6, 'name', '', 'spice 2'),
	(27, 6, 'model_number', '', '2'),
	(28, 6, 'price', '', '5000'),
	(29, 7, 'name', '', 'spice 3'),
	(30, 7, 'model_number', '', '3'),
	(31, 7, 'price', '', '6500'),
	(32, 8, 'models_id', '', '2'),
	(33, 8, 'imei_number', '', '10,11,12,13,14'),
	(34, 9, 'models_id', '', '2'),
	(35, 9, 'imei_number', '', '1,2,3,4'),
	(36, 10, 'models_id', '', '2'),
	(37, 10, 'imei_number', '', '3,4,5,6'),
	(38, 11, 'first_name', '', 'first'),
	(39, 11, 'last_name', '', 'name'),
	(40, 11, 'address', '', 'borabanda'),
	(41, 11, 'city', '', 'hyd'),
	(42, 11, 'state', '', 'ap'),
	(43, 11, 'zip', '', '500018'),
	(44, 11, 'phone_number1', '', '777888888'),
	(45, 11, 'phone_number2', '', '888888888'),
	(46, 12, 'first_name', '', 'first'),
	(47, 12, 'last_name', '', 'last'),
	(48, 12, 'address', '', 'borabanda'),
	(49, 12, 'city', '', 'hyderabad'),
	(50, 12, 'state', '', 'ap'),
	(51, 12, 'zip', '', '500019'),
	(52, 12, 'phone_number1', '', '8888888888'),
	(53, 12, 'phone_number2', '', '88888888888'),
	(54, 13, 'invoice_number', '', '1'),
	(55, 13, 'customers_id', '', '1'),
	(56, 13, 'payment_method', '', 'ca'),
	(57, 13, 'other_details', '', '11'),
	(58, 13, 'discount', '', '11'),
	(59, 13, 'date_added', '', '2013-03-01 18:26:37'),
	(60, 14, 'invoice_number', '', '1'),
	(61, 14, 'amount_after_discount', '', '14700'),
	(62, 14, 'customers_id', '', ''),
	(63, 14, 'total_sale_amount', '', '15000'),
	(64, 14, 'payment_method', '', 'ca'),
	(65, 14, 'other_details', '', '111'),
	(66, 14, 'discount', '', '2'),
	(67, 14, 'date_added', '', '2013-03-01 18:44:36'),
	(68, 15, 'invoice_number', '', ''),
	(69, 15, 'amount_after_discount', '', '13500'),
	(70, 15, 'customers_id', '', '1'),
	(71, 15, 'total_sale_amount', '', '15000'),
	(72, 15, 'payment_method', '', 'ca'),
	(73, 15, 'other_details', '', '333'),
	(74, 15, 'discount', '', '10'),
	(75, 15, 'date_added', '', '2013-03-01 18:47:04'),
	(76, 16, 'invoice_number', '', ''),
	(77, 16, 'amount_after_discount', '', '13500'),
	(78, 16, 'customers_id', '', '1'),
	(79, 16, 'total_sale_amount', '', '15000'),
	(80, 16, 'payment_method', '', 'ca'),
	(81, 16, 'other_details', '', '333'),
	(82, 16, 'discount', '', '10'),
	(83, 16, 'date_added', '', '2013-03-01 18:47:27'),
	(84, 17, 'invoice_number', '', '5'),
	(85, 17, 'amount_after_discount', '', '13500'),
	(86, 17, 'customers_id', '', '1'),
	(87, 17, 'total_sale_amount', '', '15000'),
	(88, 17, 'payment_method', '', 'ca'),
	(89, 17, 'other_details', '', '333'),
	(90, 17, 'discount', '', '10'),
	(91, 17, 'date_added', '', '2013-03-01 18:47:51'),
	(92, 18, 'invoice_number', '', '6'),
	(93, 18, 'amount_after_discount', '', '13500'),
	(94, 18, 'customers_id', '', '1'),
	(95, 18, 'total_sale_amount', '', '15000'),
	(96, 18, 'payment_method', '', 'ca'),
	(97, 18, 'other_details', '', '333'),
	(98, 18, 'discount', '', '10'),
	(99, 18, 'date_added', '', '2013-03-01 18:48:40'),
	(100, 19, 'invoice_number', '', '7'),
	(101, 19, 'amount_after_discount', '', '14250'),
	(102, 19, 'customers_id', '', '2'),
	(103, 19, 'total_sale_amount', '', '15000'),
	(104, 19, 'payment_method', '', 'ca'),
	(105, 19, 'other_details', '', 'eee'),
	(106, 19, 'discount', '', '5'),
	(107, 19, 'date_added', '', '2013-03-01 18:58:12'),
	(108, 20, 'amount', '', '4250'),
	(109, 20, 'date_added', '', '2013-03-01 18:58:12'),
	(110, 21, 'invoice_number', '', '8'),
	(111, 21, 'amount_after_discount', '', '14700'),
	(112, 21, 'customers_id', '', '3'),
	(113, 21, 'total_sale_amount', '', '15000'),
	(114, 21, 'payment_method', '', 'ca'),
	(115, 21, 'other_details', '', 'sdaf'),
	(116, 21, 'discount', '', '2'),
	(117, 21, 'date_added', '', '2013-03-01 19:00:34'),
	(118, 22, 'invoice_number', '', '9'),
	(119, 22, 'amount_after_discount', '', '14400'),
	(120, 22, 'customers_id', '', '3'),
	(121, 22, 'total_sale_amount', '', '15000'),
	(122, 22, 'payment_method', '', 'ca'),
	(123, 22, 'other_details', '', 'sadf'),
	(124, 22, 'discount', '', '4'),
	(125, 22, 'date_added', '', '2013-03-01 19:02:00'),
	(126, 23, 'sales_id', '', '9'),
	(127, 23, 'amount', '', '333'),
	(128, 23, 'date_added', '', '2013-03-01 19:02:01'),
	(129, 24, 'invoice_number', '', '10'),
	(130, 24, 'customers_id', '', '2'),
	(131, 24, 'total_sale_amount', '', '45000'),
	(132, 24, 'payment_method', '', 'ca'),
	(133, 24, 'other_details', '', 'test'),
	(134, 24, 'discount', '', '5'),
	(135, 24, 'date_added', '', '2013-03-03 10:20:00'),
	(136, 25, 'sales_id', '', '10'),
	(137, 25, 'amount', '', '42750'),
	(138, 25, 'date_added', '', '2013-03-03 10:20:00'),
	(139, 26, 'invoice_number', '', '11'),
	(140, 26, 'amount_after_discount', '', '13007.4'),
	(141, 26, 'customers_id', '', '4'),
	(142, 26, 'total_sale_amount', '', '13692'),
	(143, 26, 'payment_method', '', 'ca'),
	(144, 26, 'other_details', '', 'sdaf'),
	(145, 26, 'discount', '', '5'),
	(146, 26, 'date_added', '', '2013-03-03 10:26:03'),
	(147, 27, 'sales_id', '', '11'),
	(148, 27, 'amount', '', '7.4'),
	(149, 27, 'date_added', '', '2013-03-03 10:26:03'),
	(150, 28, 'invoice_number', '', '12'),
	(151, 28, 'amount_after_discount', '', '23162.88'),
	(152, 28, 'customers_id', '', '1'),
	(153, 28, 'total_sale_amount', '', '24128'),
	(154, 28, 'payment_method', '', 'ca'),
	(155, 28, 'other_details', '', 'test'),
	(156, 28, 'discount', '', '4'),
	(157, 28, 'date_added', '', '2013-03-03 11:49:49'),
	(158, 29, 'receipt_number', '', '6'),
	(159, 29, 'sales_id', '', '12'),
	(160, 29, 'amount', '', '162.88'),
	(161, 29, 'date_added', '', '2013-03-03 11:49:49'),
	(162, 30, 'invoice_number', '', '13'),
	(163, 30, 'amount_after_discount', '', '27544.32'),
	(164, 30, 'customers_id', '', '3'),
	(165, 30, 'total_sale_amount', '', '28692'),
	(166, 30, 'payment_method', '', 'ca'),
	(167, 30, 'other_details', '', 'dsf'),
	(168, 30, 'discount', '', '4'),
	(169, 30, 'date_added', '', '2013-03-03 12:28:42'),
	(170, 31, 'receipt_number', '', '7'),
	(171, 31, 'sales_id', '', '13'),
	(172, 31, 'amount', '', '544.32'),
	(173, 31, 'date_added', '', '2013-03-03 12:28:42'),
	(174, 32, 'invoice_number', '', '14'),
	(175, 32, 'amount_after_discount', '', '42750'),
	(176, 32, 'customers_id', '', '1'),
	(177, 32, 'total_sale_amount', '', '45000'),
	(178, 32, 'payment_method', '', 'ca'),
	(179, 32, 'other_details', '', 'test'),
	(180, 32, 'discount', '', '5'),
	(181, 32, 'date_added', '', '2013-03-03 12:31:54'),
	(182, 33, 'receipt_number', '', '8'),
	(183, 33, 'sales_id', '', '14'),
	(184, 33, 'amount', '', '750'),
	(185, 33, 'date_added', '', '2013-03-03 12:31:54'),
	(186, 34, 'invoice_number', '', '15'),
	(187, 34, 'amount_after_discount', '', '14400'),
	(188, 34, 'customers_id', '', '4'),
	(189, 34, 'total_sale_amount', '', '15000'),
	(190, 34, 'payment_method', '', 'ca'),
	(191, 34, 'other_details', '', 'sadf'),
	(192, 34, 'discount', '', '4'),
	(193, 34, 'date_added', '', '2013-03-03 12:33:06'),
	(194, 35, 'receipt_number', '', '9'),
	(195, 35, 'sales_id', '', '15'),
	(196, 35, 'amount', '', '400'),
	(197, 35, 'date_added', '', '2013-03-03 12:33:06'),
	(198, 36, 'invoice_number', '', '16'),
	(199, 36, 'amount_after_discount', '', '14550'),
	(200, 36, 'customers_id', '', '2'),
	(201, 36, 'total_sale_amount', '', '15000'),
	(202, 36, 'payment_method', '', 'ca'),
	(203, 36, 'other_details', '', 'test'),
	(204, 36, 'discount', '', '3'),
	(205, 36, 'date_added', '', '2013-03-03 12:36:52'),
	(206, 37, 'receipt_number', '', '10'),
	(207, 37, 'sales_id', '', '16'),
	(208, 37, 'amount', '', '550'),
	(209, 37, 'date_added', '', '2013-03-03 12:36:52'),
	(210, 38, 'invoice_number', '', '17'),
	(211, 38, 'amount_after_discount', '', '14250'),
	(212, 38, 'customers_id', '', '3'),
	(213, 38, 'total_sale_amount', '', '15000'),
	(214, 38, 'payment_method', '', 'ca'),
	(215, 38, 'other_details', '', 'test'),
	(216, 38, 'discount', '', '5'),
	(217, 38, 'date_added', '', '2013-03-03 12:42:19'),
	(218, 39, 'receipt_number', '', '11'),
	(219, 39, 'sales_id', '', '17'),
	(220, 39, 'amount', '', '250'),
	(221, 39, 'date_added', '', '2013-03-03 12:42:20'),
	(222, 40, 'invoice_number', '', '18'),
	(223, 40, 'amount_after_discount', '', '28800'),
	(224, 40, 'customers_id', '', '4'),
	(225, 40, 'total_sale_amount', '', '30000'),
	(226, 40, 'payment_method', '', 'ca'),
	(227, 40, 'other_details', '', 'asdf'),
	(228, 40, 'discount', '', '4'),
	(229, 40, 'date_added', '', '2013-03-03 17:59:28'),
	(230, 41, 'receipt_number', '', '12'),
	(231, 41, 'sales_id', '', '18'),
	(232, 41, 'amount', '', '800'),
	(233, 41, 'date_added', '', '2013-03-03 17:59:28'),
	(234, 42, 'invoice_number', '', '19'),
	(235, 42, 'amount_after_discount', '', '14550'),
	(236, 42, 'customers_id', '', '4'),
	(237, 42, 'total_sale_amount', '', '15000'),
	(238, 42, 'payment_method', '', 'ca'),
	(239, 42, 'other_details', '', 'test'),
	(240, 42, 'discount', '', '3'),
	(241, 42, 'date_added', '', '2013-03-04 16:19:01'),
	(242, 43, 'receipt_number', '', '13'),
	(243, 43, 'sales_id', '', '19'),
	(244, 43, 'amount', '', '550'),
	(245, 43, 'date_added', '', '2013-03-04 16:19:01'),
	(246, 44, 'invoice_number', '', '20'),
	(247, 44, 'amount_after_discount', '', '14400'),
	(248, 44, 'customers_id', '', '4'),
	(249, 44, 'total_sale_amount', '', '15000'),
	(250, 44, 'payment_method', '', 'ca'),
	(251, 44, 'other_details', '', ''),
	(252, 44, 'discount', '', '4'),
	(253, 44, 'date_added', '', '2013-03-04 16:19:58'),
	(254, 45, 'receipt_number', '', '14'),
	(255, 45, 'sales_id', '', '20'),
	(256, 45, 'amount', '', '0'),
	(257, 45, 'date_added', '', '2013-03-04 16:19:58'),
	(258, 46, 'invoice_number', '', '21'),
	(259, 46, 'amount_after_discount', '', '30000'),
	(260, 46, 'customers_id', '', ''),
	(261, 46, 'total_sale_amount', '', '30000'),
	(262, 46, 'payment_method', '', 'ca'),
	(263, 46, 'other_details', '', ''),
	(264, 46, 'discount', '', ''),
	(265, 46, 'date_added', '', '2013-03-04 16:23:00'),
	(266, 47, 'receipt_number', '', '15'),
	(267, 47, 'sales_id', '', '21'),
	(268, 47, 'amount', '', '0'),
	(269, 47, 'date_added', '', '2013-03-04 16:23:01'),
	(270, 48, 'invoice_number', '', '22'),
	(271, 48, 'amount_after_discount', '', '0'),
	(272, 48, 'customers_id', '', ''),
	(273, 48, 'total_sale_amount', '', '0'),
	(274, 48, 'payment_method', '', 'ca'),
	(275, 48, 'other_details', '', ''),
	(276, 48, 'discount', '', ''),
	(277, 48, 'date_added', '', '2013-03-04 16:23:58'),
	(278, 49, 'receipt_number', '', '16'),
	(279, 49, 'sales_id', '', '22'),
	(280, 49, 'amount', '', '0'),
	(281, 49, 'date_added', '', '2013-03-04 16:23:58'),
	(282, 50, 'invoice_number', '', '23'),
	(283, 50, 'amount_after_discount', '', '0'),
	(284, 50, 'customers_id', '', ''),
	(285, 50, 'total_sale_amount', '', '0'),
	(286, 50, 'payment_method', '', 'ca'),
	(287, 50, 'other_details', '', ''),
	(288, 50, 'discount', '', ''),
	(289, 50, 'date_added', '', '2013-03-04 16:24:14'),
	(290, 51, 'receipt_number', '', '17'),
	(291, 51, 'sales_id', '', '23'),
	(292, 51, 'amount', '', '0'),
	(293, 51, 'date_added', '', '2013-03-04 16:24:14'),
	(294, 52, 'invoice_number', '', '24'),
	(295, 52, 'amount_after_discount', '', '30000'),
	(296, 52, 'customers_id', '', ''),
	(297, 52, 'total_sale_amount', '', '30000'),
	(298, 52, 'payment_method', '', 'ca'),
	(299, 52, 'other_details', '', ''),
	(300, 52, 'discount', '', ''),
	(301, 52, 'date_added', '', '2013-03-04 16:24:29'),
	(302, 53, 'receipt_number', '', '18'),
	(303, 53, 'sales_id', '', '24'),
	(304, 53, 'amount', '', '0'),
	(305, 53, 'date_added', '', '2013-03-04 16:24:29'),
	(306, 54, 'invoice_number', '', '25'),
	(307, 54, 'amount_after_discount', '', '30000'),
	(308, 54, 'customers_id', '', ''),
	(309, 54, 'total_sale_amount', '', '30000'),
	(310, 54, 'payment_method', '', 'ca'),
	(311, 54, 'other_details', '', ''),
	(312, 54, 'discount', '', ''),
	(313, 54, 'date_added', '', '2013-03-04 16:25:31'),
	(314, 55, 'receipt_number', '', '19'),
	(315, 55, 'sales_id', '', '25'),
	(316, 55, 'amount', '', '0'),
	(317, 55, 'date_added', '', '2013-03-04 16:25:31'),
	(318, 56, 'invoice_number', '', ''),
	(319, 56, 'amount_after_discount', '', '86400'),
	(320, 56, 'customers_id', '', '2'),
	(321, 56, 'total_sale_amount', '', '90000'),
	(322, 56, 'payment_method', '', 'ca'),
	(323, 56, 'other_details', '', 'test'),
	(324, 56, 'discount', '', '4'),
	(325, 56, 'date_added', '', '2013-03-04 17:57:17'),
	(326, 57, 'invoice_number', '', ''),
	(327, 57, 'amount_after_discount', '', '86400'),
	(328, 57, 'customers_id', '', '2'),
	(329, 57, 'total_sale_amount', '', '90000'),
	(330, 57, 'payment_method', '', 'ca'),
	(331, 57, 'other_details', '', 'test'),
	(332, 57, 'discount', '', '4'),
	(333, 57, 'date_added', '', '2013-03-04 17:58:41'),
	(334, 58, 'invoice_number', '', ''),
	(335, 58, 'amount_after_discount', '', '86400'),
	(336, 58, 'customers_id', '', '2'),
	(337, 58, 'total_sale_amount', '', '90000'),
	(338, 58, 'payment_method', '', 'ca'),
	(339, 58, 'other_details', '', 'test'),
	(340, 58, 'discount', '', '4'),
	(341, 58, 'date_added', '', '2013-03-04 18:00:38'),
	(342, 59, 'invoice_number', '', ''),
	(343, 59, 'amount_after_discount', '', '86400'),
	(344, 59, 'customers_id', '', '2'),
	(345, 59, 'total_sale_amount', '', '90000'),
	(346, 59, 'payment_method', '', 'ca'),
	(347, 59, 'other_details', '', 'test'),
	(348, 59, 'discount', '', '4'),
	(349, 59, 'date_added', '', '2013-03-04 18:01:14'),
	(350, 60, 'invoice_number', '', '1'),
	(351, 60, 'amount_after_discount', '', '86400'),
	(352, 60, 'customers_id', '', '2'),
	(353, 60, 'total_sale_amount', '', '90000'),
	(354, 60, 'payment_method', '', 'ca'),
	(355, 60, 'other_details', '', 'test'),
	(356, 60, 'discount', '', '4'),
	(357, 60, 'date_added', '', '2013-03-04 18:04:13'),
	(358, 61, 'receipt_number', '', '1'),
	(359, 61, 'sales_id', '', '1'),
	(360, 61, 'amount', '', '6400'),
	(361, 61, 'date_added', '', '2013-03-04 18:04:13'),
	(362, 62, 'invoice_number', '', '2'),
	(363, 62, 'amount_after_discount', '', '86400'),
	(364, 62, 'customers_id', '', '2'),
	(365, 62, 'total_sale_amount', '', '90000'),
	(366, 62, 'payment_method', '', 'ca'),
	(367, 62, 'other_details', '', 'test'),
	(368, 62, 'discount', '', '4'),
	(369, 62, 'date_added', '', '2013-03-04 18:05:19'),
	(370, 63, 'receipt_number', '', '2'),
	(371, 63, 'sales_id', '', '2'),
	(372, 63, 'amount', '', '6400'),
	(373, 63, 'date_added', '', '2013-03-04 18:05:19'),
	(374, 64, 'invoice_number', '', '1'),
	(375, 64, 'amount_after_discount', '', '86400'),
	(376, 64, 'customers_id', '', ''),
	(377, 64, 'total_sale_amount', '', '90000'),
	(378, 64, 'payment_method', '', 'ca'),
	(379, 64, 'other_details', '', 'test'),
	(380, 64, 'discount', '', '4'),
	(381, 64, 'date_added', '', '2013-03-04 18:07:38'),
	(382, 65, 'receipt_number', '', '1'),
	(383, 65, 'sales_id', '', '1'),
	(384, 65, 'amount', '', '6400'),
	(385, 65, 'date_added', '', '2013-03-04 18:07:38'),
	(386, 66, 'invoice_number', '', '2'),
	(387, 66, 'amount_after_discount', '', '86400'),
	(388, 66, 'customers_id', '', ''),
	(389, 66, 'total_sale_amount', '', '90000'),
	(390, 66, 'payment_method', '', 'ca'),
	(391, 66, 'other_details', '', 'test'),
	(392, 66, 'discount', '', '4'),
	(393, 66, 'date_added', '', '2013-03-04 18:08:50'),
	(394, 67, 'receipt_number', '', '2'),
	(395, 67, 'sales_id', '', '2'),
	(396, 67, 'amount', '', '6400'),
	(397, 67, 'date_added', '', '2013-03-04 18:08:50'),
	(398, 68, 'invoice_number', '', '1'),
	(399, 68, 'amount_after_discount', '', '86400'),
	(400, 68, 'customers_id', '', '2'),
	(401, 68, 'total_sale_amount', '', '90000'),
	(402, 68, 'payment_method', '', 'ca'),
	(403, 68, 'other_details', '', 'test'),
	(404, 68, 'discount', '', '4'),
	(405, 68, 'date_added', '', '2013-03-04 18:09:52'),
	(406, 69, 'receipt_number', '', '1'),
	(407, 69, 'sales_id', '', '1'),
	(408, 69, 'amount', '', '6400'),
	(409, 69, 'date_added', '', '2013-03-04 18:09:52'),
	(410, 70, 'invoice_number', '', '2'),
	(411, 70, 'amount_after_discount', '', '85500'),
	(412, 70, 'customers_id', '', '3'),
	(413, 70, 'total_sale_amount', '', '90000'),
	(414, 70, 'payment_method', '', 'ca'),
	(415, 70, 'other_details', '', 'sdfa'),
	(416, 70, 'discount', '', '5'),
	(417, 70, 'date_added', '', '2013-03-04 18:11:01'),
	(418, 71, 'receipt_number', '', '2'),
	(419, 71, 'sales_id', '', '2'),
	(420, 71, 'amount', '', '5500'),
	(421, 71, 'date_added', '', '2013-03-04 18:11:02'),
	(422, 72, 'invoice_number', '', '3'),
	(423, 72, 'amount_after_discount', '', '85500'),
	(424, 72, 'customers_id', '', '3'),
	(425, 72, 'total_sale_amount', '', '90000'),
	(426, 72, 'payment_method', '', 'ca'),
	(427, 72, 'other_details', '', 'sdfa'),
	(428, 72, 'discount', '', '5'),
	(429, 72, 'date_added', '', '2013-03-04 18:12:54'),
	(430, 73, 'receipt_number', '', '3'),
	(431, 73, 'sales_id', '', '3'),
	(432, 73, 'amount', '', '5500'),
	(433, 73, 'date_added', '', '2013-03-04 18:12:54'),
	(434, 74, 'invoice_number', '', '4'),
	(435, 74, 'amount_after_discount', '', '85500'),
	(436, 74, 'customers_id', '', '3'),
	(437, 74, 'total_sale_amount', '', '90000'),
	(438, 74, 'payment_method', '', 'ca'),
	(439, 74, 'other_details', '', 'sdfa'),
	(440, 74, 'discount', '', '5'),
	(441, 74, 'date_added', '', '2013-03-04 18:13:40'),
	(442, 75, 'receipt_number', '', '4'),
	(443, 75, 'sales_id', '', '4'),
	(444, 75, 'amount', '', '5500'),
	(445, 75, 'date_added', '', '2013-03-04 18:13:40'),
	(446, 76, 'invoice_number', '', '1'),
	(447, 76, 'amount_after_discount', '', '84600'),
	(448, 76, 'customers_id', '', '1'),
	(449, 76, 'total_sale_amount', '', '90000'),
	(450, 76, 'payment_method', '', 'ca'),
	(451, 76, 'other_details', '', 'test'),
	(452, 76, 'discount', '', '6'),
	(453, 76, 'date_added', '', '2013-03-04 18:14:48'),
	(454, 77, 'receipt_number', '', '1'),
	(455, 77, 'sales_id', '', '1'),
	(456, 77, 'amount', '', '4600'),
	(457, 77, 'date_added', '', '2013-03-04 18:14:48'),
	(458, 78, 'invoice_number', '', '2'),
	(459, 78, 'amount_after_discount', '', '90000'),
	(460, 78, 'customers_id', '', ''),
	(461, 78, 'total_sale_amount', '', '90000'),
	(462, 78, 'payment_method', '', 'ca'),
	(463, 78, 'other_details', '', ''),
	(464, 78, 'discount', '', ''),
	(465, 78, 'date_added', '', '2013-03-04 18:15:24'),
	(466, 79, 'receipt_number', '', '2'),
	(467, 79, 'sales_id', '', '2'),
	(468, 79, 'amount', '', '0'),
	(469, 79, 'date_added', '', '2013-03-04 18:15:24'),
	(470, 80, 'invoice_number', '', '3'),
	(471, 80, 'amount_after_discount', '', '90000'),
	(472, 80, 'customers_id', '', ''),
	(473, 80, 'total_sale_amount', '', '90000'),
	(474, 80, 'payment_method', '', 'ca'),
	(475, 80, 'other_details', '', ''),
	(476, 80, 'discount', '', ''),
	(477, 80, 'date_added', '', '2013-03-04 18:16:21'),
	(478, 81, 'receipt_number', '', '3'),
	(479, 81, 'sales_id', '', '3'),
	(480, 81, 'amount', '', '0'),
	(481, 81, 'date_added', '', '2013-03-04 18:16:21'),
	(482, 82, 'invoice_number', '', '4'),
	(483, 82, 'amount_after_discount', '', '90000'),
	(484, 82, 'customers_id', '', ''),
	(485, 82, 'total_sale_amount', '', '90000'),
	(486, 82, 'payment_method', '', 'ca'),
	(487, 82, 'other_details', '', ''),
	(488, 82, 'discount', '', ''),
	(489, 82, 'date_added', '', '2013-03-04 18:16:33'),
	(490, 83, 'receipt_number', '', '4'),
	(491, 83, 'sales_id', '', '4'),
	(492, 83, 'amount', '', '0'),
	(493, 83, 'date_added', '', '2013-03-04 18:16:34'),
	(494, 84, 'invoice_number', '', '5'),
	(495, 84, 'date_added', '', '2013-03-04 18:16:43'),
	(496, 85, 'receipt_number', '', '5'),
	(497, 85, 'sales_id', '', '5'),
	(498, 85, 'amount', '', ''),
	(499, 85, 'date_added', '', '2013-03-04 18:16:43'),
	(500, 86, 'invoice_number', '', '6'),
	(501, 86, 'amount_after_discount', '', '90000'),
	(502, 86, 'customers_id', '', ''),
	(503, 86, 'total_sale_amount', '', '90000'),
	(504, 86, 'payment_method', '', 'ca'),
	(505, 86, 'other_details', '', ''),
	(506, 86, 'discount', '', ''),
	(507, 86, 'date_added', '', '2013-03-04 18:17:14'),
	(508, 87, 'receipt_number', '', '6'),
	(509, 87, 'sales_id', '', '6'),
	(510, 87, 'amount', '', '0'),
	(511, 87, 'date_added', '', '2013-03-04 18:17:14'),
	(512, 88, 'invoice_number', '', '7'),
	(513, 88, 'amount_after_discount', '', '90000'),
	(514, 88, 'customers_id', '', ''),
	(515, 88, 'total_sale_amount', '', '90000'),
	(516, 88, 'payment_method', '', 'ca'),
	(517, 88, 'other_details', '', ''),
	(518, 88, 'discount', '', ''),
	(519, 88, 'date_added', '', '2013-03-04 18:18:21'),
	(520, 89, 'receipt_number', '', '7'),
	(521, 89, 'sales_id', '', '7'),
	(522, 89, 'amount', '', '0'),
	(523, 89, 'date_added', '', '2013-03-04 18:18:21'),
	(524, 90, 'invoice_number', '', '8'),
	(525, 90, 'amount_after_discount', '', '90000'),
	(526, 90, 'customers_id', '', ''),
	(527, 90, 'total_sale_amount', '', '90000'),
	(528, 90, 'payment_method', '', 'ca'),
	(529, 90, 'other_details', '', ''),
	(530, 90, 'discount', '', ''),
	(531, 90, 'date_added', '', '2013-03-04 18:20:08'),
	(532, 91, 'receipt_number', '', '8'),
	(533, 91, 'sales_id', '', '8'),
	(534, 91, 'amount', '', '0'),
	(535, 91, 'date_added', '', '2013-03-04 18:20:08'),
	(536, 92, 'invoice_number', '', '9'),
	(537, 92, 'amount_after_discount', '', '90000'),
	(538, 92, 'customers_id', '', ''),
	(539, 92, 'total_sale_amount', '', '90000'),
	(540, 92, 'payment_method', '', 'ca'),
	(541, 92, 'other_details', '', ''),
	(542, 92, 'discount', '', ''),
	(543, 92, 'date_added', '', '2013-03-04 18:20:37'),
	(544, 93, 'receipt_number', '', '9'),
	(545, 93, 'sales_id', '', '9'),
	(546, 93, 'amount', '', '0'),
	(547, 93, 'date_added', '', '2013-03-04 18:20:37'),
	(548, 94, 'invoice_number', '', '10'),
	(549, 94, 'amount_after_discount', '', '90000'),
	(550, 94, 'customers_id', '', ''),
	(551, 94, 'total_sale_amount', '', '90000'),
	(552, 94, 'payment_method', '', 'ca'),
	(553, 94, 'other_details', '', ''),
	(554, 94, 'discount', '', ''),
	(555, 94, 'date_added', '', '2013-03-04 18:21:16'),
	(556, 95, 'receipt_number', '', '10'),
	(557, 95, 'sales_id', '', '10'),
	(558, 95, 'amount', '', '0'),
	(559, 95, 'date_added', '', '2013-03-04 18:21:16'),
	(560, 96, 'invoice_number', '', '11'),
	(561, 96, 'amount_after_discount', '', '90000'),
	(562, 96, 'customers_id', '', ''),
	(563, 96, 'total_sale_amount', '', '90000'),
	(564, 96, 'payment_method', '', 'ca'),
	(565, 96, 'other_details', '', ''),
	(566, 96, 'discount', '', ''),
	(567, 96, 'date_added', '', '2013-03-04 18:21:40'),
	(568, 97, 'receipt_number', '', '11'),
	(569, 97, 'sales_id', '', '11'),
	(570, 97, 'amount', '', '0'),
	(571, 97, 'date_added', '', '2013-03-04 18:21:40'),
	(572, 98, 'invoice_number', '', '12'),
	(573, 98, 'amount_after_discount', '', '90000'),
	(574, 98, 'customers_id', '', ''),
	(575, 98, 'total_sale_amount', '', '90000'),
	(576, 98, 'payment_method', '', 'ca'),
	(577, 98, 'other_details', '', ''),
	(578, 98, 'discount', '', ''),
	(579, 98, 'date_added', '', '2013-03-04 18:22:03'),
	(580, 99, 'receipt_number', '', '12'),
	(581, 99, 'sales_id', '', '12'),
	(582, 99, 'amount', '', '0'),
	(583, 99, 'date_added', '', '2013-03-04 18:22:04'),
	(584, 100, 'invoice_number', '', '13'),
	(585, 100, 'amount_after_discount', '', '90000'),
	(586, 100, 'customers_id', '', ''),
	(587, 100, 'total_sale_amount', '', '90000'),
	(588, 100, 'payment_method', '', 'ca'),
	(589, 100, 'other_details', '', ''),
	(590, 100, 'discount', '', ''),
	(591, 100, 'date_added', '', '2013-03-04 18:24:01'),
	(592, 101, 'receipt_number', '', '13'),
	(593, 101, 'sales_id', '', '13'),
	(594, 101, 'amount', '', '0'),
	(595, 101, 'date_added', '', '2013-03-04 18:24:02'),
	(596, 102, 'invoice_number', '', '14'),
	(597, 102, 'amount_after_discount', '', '90000'),
	(598, 102, 'customers_id', '', ''),
	(599, 102, 'total_sale_amount', '', '90000'),
	(600, 102, 'payment_method', '', 'ca'),
	(601, 102, 'other_details', '', ''),
	(602, 102, 'discount', '', ''),
	(603, 102, 'date_added', '', '2013-03-04 18:24:32'),
	(604, 103, 'receipt_number', '', '14'),
	(605, 103, 'sales_id', '', '14'),
	(606, 103, 'amount', '', '0'),
	(607, 103, 'date_added', '', '2013-03-04 18:24:32'),
	(608, 104, 'invoice_number', '', '15'),
	(609, 104, 'amount_after_discount', '', '90000'),
	(610, 104, 'customers_id', '', ''),
	(611, 104, 'total_sale_amount', '', '90000'),
	(612, 104, 'payment_method', '', 'ca'),
	(613, 104, 'other_details', '', ''),
	(614, 104, 'discount', '', ''),
	(615, 104, 'date_added', '', '2013-03-04 18:25:44'),
	(616, 105, 'receipt_number', '', '15'),
	(617, 105, 'sales_id', '', '15'),
	(618, 105, 'amount', '', '0'),
	(619, 105, 'date_added', '', '2013-03-04 18:25:45'),
	(620, 106, 'invoice_number', '', '16'),
	(621, 106, 'amount_after_discount', '', '90000'),
	(622, 106, 'customers_id', '', ''),
	(623, 106, 'total_sale_amount', '', '90000'),
	(624, 106, 'payment_method', '', 'ca'),
	(625, 106, 'other_details', '', ''),
	(626, 106, 'discount', '', ''),
	(627, 106, 'date_added', '', '2013-03-04 18:41:55'),
	(628, 107, 'receipt_number', '', '16'),
	(629, 107, 'sales_id', '', '16'),
	(630, 107, 'amount', '', '0'),
	(631, 107, 'date_added', '', '2013-03-04 18:41:55'),
	(632, 108, 'invoice_number', '', '17'),
	(633, 108, 'amount_after_discount', '', '90000'),
	(634, 108, 'customers_id', '', ''),
	(635, 108, 'total_sale_amount', '', '90000'),
	(636, 108, 'payment_method', '', 'ca'),
	(637, 108, 'other_details', '', ''),
	(638, 108, 'discount', '', ''),
	(639, 108, 'date_added', '', '2013-03-04 18:42:19'),
	(640, 109, 'receipt_number', '', '17'),
	(641, 109, 'sales_id', '', '17'),
	(642, 109, 'amount', '', '0'),
	(643, 109, 'date_added', '', '2013-03-04 18:42:20'),
	(644, 110, 'invoice_number', '', '18'),
	(645, 110, 'amount_after_discount', '', '90000'),
	(646, 110, 'customers_id', '', ''),
	(647, 110, 'total_sale_amount', '', '90000'),
	(648, 110, 'payment_method', '', 'ca'),
	(649, 110, 'other_details', '', ''),
	(650, 110, 'discount', '', ''),
	(651, 110, 'date_added', '', '2013-03-04 18:44:17'),
	(652, 111, 'receipt_number', '', '18'),
	(653, 111, 'sales_id', '', '18'),
	(654, 111, 'amount', '', '0'),
	(655, 111, 'date_added', '', '2013-03-04 18:44:17'),
	(656, 112, 'invoice_number', '', '19'),
	(657, 112, 'amount_after_discount', '', '90000'),
	(658, 112, 'customers_id', '', ''),
	(659, 112, 'total_sale_amount', '', '90000'),
	(660, 112, 'payment_method', '', 'ca'),
	(661, 112, 'other_details', '', ''),
	(662, 112, 'discount', '', ''),
	(663, 112, 'date_added', '', '2013-03-04 18:44:36'),
	(664, 113, 'receipt_number', '', '19'),
	(665, 113, 'sales_id', '', '19'),
	(666, 113, 'amount', '', '0'),
	(667, 113, 'date_added', '', '2013-03-04 18:44:36'),
	(668, 114, 'invoice_number', '', '20'),
	(669, 114, 'amount_after_discount', '', '90000'),
	(670, 114, 'customers_id', '', ''),
	(671, 114, 'total_sale_amount', '', '90000'),
	(672, 114, 'payment_method', '', 'ca'),
	(673, 114, 'other_details', '', ''),
	(674, 114, 'discount', '', ''),
	(675, 114, 'date_added', '', '2013-03-04 18:45:04'),
	(676, 115, 'receipt_number', '', '20'),
	(677, 115, 'sales_id', '', '20'),
	(678, 115, 'amount', '', '0'),
	(679, 115, 'date_added', '', '2013-03-04 18:45:04'),
	(680, 116, 'invoice_number', '', '21'),
	(681, 116, 'amount_after_discount', '', '90000'),
	(682, 116, 'customers_id', '', ''),
	(683, 116, 'total_sale_amount', '', '90000'),
	(684, 116, 'payment_method', '', 'ca'),
	(685, 116, 'other_details', '', ''),
	(686, 116, 'discount', '', ''),
	(687, 116, 'date_added', '', '2013-03-04 18:45:17'),
	(688, 117, 'receipt_number', '', '21'),
	(689, 117, 'sales_id', '', '21'),
	(690, 117, 'amount', '', '0'),
	(691, 117, 'date_added', '', '2013-03-04 18:45:17'),
	(692, 118, 'invoice_number', '', '22'),
	(693, 118, 'amount_after_discount', '', '90000'),
	(694, 118, 'customers_id', '', ''),
	(695, 118, 'total_sale_amount', '', '90000'),
	(696, 118, 'payment_method', '', 'ca'),
	(697, 118, 'other_details', '', ''),
	(698, 118, 'discount', '', ''),
	(699, 118, 'date_added', '', '2013-03-04 18:45:31'),
	(700, 119, 'receipt_number', '', '22'),
	(701, 119, 'sales_id', '', '22'),
	(702, 119, 'amount', '', '0'),
	(703, 119, 'date_added', '', '2013-03-04 18:45:31'),
	(704, 120, 'invoice_number', '', '23'),
	(705, 120, 'amount_after_discount', '', '90000'),
	(706, 120, 'customers_id', '', ''),
	(707, 120, 'total_sale_amount', '', '90000'),
	(708, 120, 'payment_method', '', 'ca'),
	(709, 120, 'other_details', '', ''),
	(710, 120, 'discount', '', ''),
	(711, 120, 'date_added', '', '2013-03-04 18:45:46'),
	(712, 121, 'receipt_number', '', '23'),
	(713, 121, 'sales_id', '', '23'),
	(714, 121, 'amount', '', '0'),
	(715, 121, 'date_added', '', '2013-03-04 18:45:46'),
	(716, 122, 'invoice_number', '', '24'),
	(717, 122, 'amount_after_discount', '', '90000'),
	(718, 122, 'customers_id', '', ''),
	(719, 122, 'total_sale_amount', '', '90000'),
	(720, 122, 'payment_method', '', 'ca'),
	(721, 122, 'other_details', '', ''),
	(722, 122, 'discount', '', ''),
	(723, 122, 'date_added', '', '2013-03-04 18:46:27'),
	(724, 123, 'receipt_number', '', '24'),
	(725, 123, 'sales_id', '', '24'),
	(726, 123, 'amount', '', '0'),
	(727, 123, 'date_added', '', '2013-03-04 18:46:27'),
	(728, 124, 'invoice_number', '', '25'),
	(729, 124, 'amount_after_discount', '', '90000'),
	(730, 124, 'customers_id', '', ''),
	(731, 124, 'total_sale_amount', '', '90000'),
	(732, 124, 'payment_method', '', 'ca'),
	(733, 124, 'other_details', '', ''),
	(734, 124, 'discount', '', ''),
	(735, 124, 'date_added', '', '2013-03-04 18:51:00'),
	(736, 125, 'receipt_number', '', '25'),
	(737, 125, 'sales_id', '', '25'),
	(738, 125, 'amount', '', '0'),
	(739, 125, 'date_added', '', '2013-03-04 18:51:01'),
	(740, 126, 'invoice_number', '', '26'),
	(741, 126, 'amount_after_discount', '', '90000'),
	(742, 126, 'customers_id', '', ''),
	(743, 126, 'total_sale_amount', '', '90000'),
	(744, 126, 'payment_method', '', 'ca'),
	(745, 126, 'other_details', '', ''),
	(746, 126, 'discount', '', ''),
	(747, 126, 'date_added', '', '2013-03-04 18:51:56'),
	(748, 127, 'receipt_number', '', '26'),
	(749, 127, 'sales_id', '', '26'),
	(750, 127, 'amount', '', '0'),
	(751, 127, 'date_added', '', '2013-03-04 18:51:57'),
	(752, 128, 'invoice_number', '', '27'),
	(753, 128, 'amount_after_discount', '', '90000'),
	(754, 128, 'customers_id', '', ''),
	(755, 128, 'total_sale_amount', '', '90000'),
	(756, 128, 'payment_method', '', 'ca'),
	(757, 128, 'other_details', '', ''),
	(758, 128, 'discount', '', ''),
	(759, 128, 'date_added', '', '2013-03-04 18:52:24'),
	(760, 129, 'receipt_number', '', '27'),
	(761, 129, 'sales_id', '', '27'),
	(762, 129, 'amount', '', '0'),
	(763, 129, 'date_added', '', '2013-03-04 18:52:24'),
	(764, 130, 'invoice_number', '', '28'),
	(765, 130, 'amount_after_discount', '', '90000'),
	(766, 130, 'customers_id', '', ''),
	(767, 130, 'total_sale_amount', '', '90000'),
	(768, 130, 'payment_method', '', 'ca'),
	(769, 130, 'other_details', '', ''),
	(770, 130, 'discount', '', ''),
	(771, 130, 'date_added', '', '2013-03-04 18:53:11'),
	(772, 131, 'receipt_number', '', '28'),
	(773, 131, 'sales_id', '', '28'),
	(774, 131, 'amount', '', '0'),
	(775, 131, 'date_added', '', '2013-03-04 18:53:11'),
	(776, 132, 'invoice_number', '', '1'),
	(777, 132, 'amount_after_discount', '', '84600'),
	(778, 132, 'customers_id', '', '4'),
	(779, 132, 'total_sale_amount', '', '90000'),
	(780, 132, 'payment_method', '', 'ca'),
	(781, 132, 'other_details', '', 'wsd'),
	(782, 132, 'discount', '', '6'),
	(783, 132, 'date_added', '', '2013-03-04 18:54:25'),
	(784, 133, 'receipt_number', '', '1'),
	(785, 133, 'sales_id', '', '1'),
	(786, 133, 'amount', '', '4600'),
	(787, 133, 'date_added', '', '2013-03-04 18:54:25'),
	(788, 134, 'invoice_number', '', '1'),
	(789, 134, 'amount_after_discount', '', '85500'),
	(790, 134, 'customers_id', '', '4'),
	(791, 134, 'total_sale_amount', '', '90000'),
	(792, 134, 'payment_method', '', 'ca'),
	(793, 134, 'other_details', '', ''),
	(794, 134, 'discount', '', '5'),
	(795, 134, 'date_added', '', '2013-03-04 19:03:33'),
	(796, 135, 'receipt_number', '', '1'),
	(797, 135, 'sales_id', '', '1'),
	(798, 135, 'amount', '', '0'),
	(799, 135, 'date_added', '', '2013-03-04 19:03:33'),
	(800, 136, 'invoice_number', '', '1'),
	(801, 136, 'amount_after_discount', '', '90000'),
	(802, 136, 'customers_id', '', ''),
	(803, 136, 'total_sale_amount', '', '90000'),
	(804, 136, 'payment_method', '', 'ca'),
	(805, 136, 'other_details', '', ''),
	(806, 136, 'discount', '', ''),
	(807, 136, 'date_added', '', '2013-03-05 18:24:38'),
	(808, 137, 'receipt_number', '', '1'),
	(809, 137, 'sales_id', '', '1'),
	(810, 137, 'amount', '', '0'),
	(811, 137, 'date_added', '', '2013-03-05 18:24:38'),
	(812, 138, 'invoice_number', '', '2'),
	(813, 138, 'amount_after_discount', '', '90000'),
	(814, 138, 'customers_id', '', ''),
	(815, 138, 'total_sale_amount', '', '90000'),
	(816, 138, 'payment_method', '', 'ca'),
	(817, 138, 'other_details', '', ''),
	(818, 138, 'discount', '', ''),
	(819, 138, 'date_added', '', '2013-03-05 18:25:01'),
	(820, 139, 'receipt_number', '', '2'),
	(821, 139, 'sales_id', '', '2'),
	(822, 139, 'amount', '', '0'),
	(823, 139, 'date_added', '', '2013-03-05 18:25:01'),
	(824, 140, 'invoice_number', '', '3'),
	(825, 140, 'amount_after_discount', '', '90000'),
	(826, 140, 'customers_id', '', ''),
	(827, 140, 'total_sale_amount', '', '90000'),
	(828, 140, 'payment_method', '', 'ca'),
	(829, 140, 'other_details', '', ''),
	(830, 140, 'discount', '', ''),
	(831, 140, 'date_added', '', '2013-03-05 18:25:24'),
	(832, 141, 'receipt_number', '', '3'),
	(833, 141, 'sales_id', '', '3'),
	(834, 141, 'amount', '', '0'),
	(835, 141, 'date_added', '', '2013-03-05 18:25:24'),
	(836, 142, 'invoice_number', '', '1'),
	(837, 142, 'amount_after_discount', '', '90000'),
	(838, 142, 'customers_id', '', ''),
	(839, 142, 'total_sale_amount', '', '90000'),
	(840, 142, 'payment_method', '', 'ca'),
	(841, 142, 'other_details', '', ''),
	(842, 142, 'discount', '', ''),
	(843, 142, 'date_added', '', '2013-03-05 18:25:50'),
	(844, 143, 'receipt_number', '', '1'),
	(845, 143, 'sales_id', '', '1'),
	(846, 143, 'amount', '', '0'),
	(847, 143, 'date_added', '', '2013-03-05 18:25:50'),
	(848, 144, 'invoice_number', '', '1'),
	(849, 144, 'amount_after_discount', '', '90000'),
	(850, 144, 'customers_id', '', ''),
	(851, 144, 'total_sale_amount', '', '90000'),
	(852, 144, 'payment_method', '', 'ca'),
	(853, 144, 'other_details', '', ''),
	(854, 144, 'discount', '', ''),
	(855, 144, 'date_added', '', '2013-03-05 18:26:52'),
	(856, 145, 'receipt_number', '', '1'),
	(857, 145, 'sales_id', '', '1'),
	(858, 145, 'amount', '', '0'),
	(859, 145, 'date_added', '', '2013-03-05 18:26:52'),
	(860, 146, 'invoice_number', '', '1'),
	(861, 146, 'amount_after_discount', '', '85500'),
	(862, 146, 'customers_id', '', '4'),
	(863, 146, 'total_sale_amount', '', '90000'),
	(864, 146, 'payment_method', '', 'ca'),
	(865, 146, 'other_details', '', 'test'),
	(866, 146, 'discount', '', '5'),
	(867, 146, 'date_added', '', '2013-03-05 18:28:54'),
	(868, 147, 'receipt_number', '', '1'),
	(869, 147, 'sales_id', '', '1'),
	(870, 147, 'amount', '', '5500'),
	(871, 147, 'date_added', '', '2013-03-05 18:28:55'),
	(872, 148, 'model_number', '3', '33'),
	(873, 149, 'model_number', '33', '333'),
	(874, 150, 'first_name', '', 'ajay'),
	(875, 150, 'last_name', '', 'kumar'),
	(876, 150, 'address', '', 'borabanda'),
	(877, 150, 'city', '', 'hyd'),
	(878, 150, 'state', '', 'ap'),
	(879, 150, 'zip', '', '500018'),
	(880, 150, 'phone_number1', '', '9999988888'),
	(881, 150, 'phone_number2', '', '9999900000'),
	(882, 151, 'address', 'borabanda', 'borabanda1'),
	(883, 152, 'id', '', ''),
	(884, 152, 'first_name', '', 'krishna'),
	(885, 152, 'last_name', '', 'veni'),
	(886, 152, 'address', '', 'h.f.nagar'),
	(887, 152, 'city', '', 'hyd'),
	(888, 152, 'state', '', 'ap'),
	(889, 152, 'zip', '', '500018'),
	(890, 152, 'phone_number1', '', '333344444'),
	(891, 152, 'phone_number2', '', '99999'),
	(892, 153, 'invoice_number', '', '2'),
	(893, 153, 'amount_after_discount', '', '13007.4'),
	(894, 153, 'customers_id', '', '4'),
	(895, 153, 'total_sale_amount', '', '13692'),
	(896, 153, 'payment_method', '', 'ca'),
	(897, 153, 'other_details', '', 'test'),
	(898, 153, 'discount', '', '5'),
	(899, 153, 'date_added', '', '2013-03-09 18:04:43'),
	(900, 154, 'receipt_number', '', '2'),
	(901, 154, 'sales_id', '', '2'),
	(902, 154, 'amount', '', '7.4'),
	(903, 154, 'date_added', '', '2013-03-09 18:04:43'),
	(904, 155, 'invoice_number', '', '3'),
	(905, 155, 'amount_after_discount', '', '13007.4'),
	(906, 155, 'customers_id', '', '4'),
	(907, 155, 'total_sale_amount', '', '13692'),
	(908, 155, 'payment_method', '', 'ca'),
	(909, 155, 'other_details', '', 'test'),
	(910, 155, 'discount', '', '5'),
	(911, 155, 'date_added', '', '2013-03-09 18:12:31'),
	(912, 156, 'receipt_number', '', '3'),
	(913, 156, 'sales_id', '', '3'),
	(914, 156, 'amount', '', '7.4'),
	(915, 156, 'date_added', '', '2013-03-09 18:12:31'),
	(916, 157, 'invoice_number', '', '4'),
	(917, 157, 'amount_after_discount', '', '4335.8'),
	(918, 157, 'customers_id', '', '4'),
	(919, 157, 'total_sale_amount', '', '4564'),
	(920, 157, 'payment_method', '', 'ca'),
	(921, 157, 'other_details', '', 'test'),
	(922, 157, 'discount', '', '5'),
	(923, 157, 'date_added', '', '2013-03-09 18:13:23'),
	(924, 158, 'receipt_number', '', '4'),
	(925, 158, 'sales_id', '', '4'),
	(926, 158, 'amount', '', '5.8'),
	(927, 158, 'date_added', '', '2013-03-09 18:13:23'),
	(928, 159, 'invoice_number', '', '5'),
	(929, 159, 'amount_after_discount', '', '4381.44'),
	(930, 159, 'customers_id', '', '3'),
	(931, 159, 'total_sale_amount', '', '4564'),
	(932, 159, 'payment_method', '', 'ca'),
	(933, 159, 'other_details', '', 'asdf'),
	(934, 159, 'discount', '', '4'),
	(935, 159, 'date_added', '', '2013-03-09 18:13:59'),
	(936, 160, 'receipt_number', '', '5'),
	(937, 160, 'sales_id', '', '5'),
	(938, 160, 'amount', '', '1.44'),
	(939, 160, 'date_added', '', '2013-03-09 18:14:00'),
	(940, 161, 'invoice_number', '', '6'),
	(941, 161, 'amount_after_discount', '', '4564'),
	(942, 161, 'customers_id', '', '4'),
	(943, 161, 'total_sale_amount', '', '4564'),
	(944, 161, 'payment_method', '', 'ca'),
	(945, 161, 'other_details', '', ''),
	(946, 161, 'discount', '', ''),
	(947, 161, 'date_added', '', '2013-03-09 18:14:24'),
	(948, 162, 'receipt_number', '', '6'),
	(949, 162, 'sales_id', '', '6'),
	(950, 162, 'amount', '', '0'),
	(951, 162, 'date_added', '', '2013-03-09 18:14:24'),
	(952, 163, 'invoice_number', '', '7'),
	(953, 163, 'amount_after_discount', '', '4564'),
	(954, 163, 'customers_id', '', ''),
	(955, 163, 'total_sale_amount', '', '4564'),
	(956, 163, 'payment_method', '', 'ca'),
	(957, 163, 'other_details', '', ''),
	(958, 163, 'discount', '', ''),
	(959, 163, 'date_added', '', '2013-03-09 18:14:45'),
	(960, 164, 'receipt_number', '', '7'),
	(961, 164, 'sales_id', '', '7'),
	(962, 164, 'amount', '', '0'),
	(963, 164, 'date_added', '', '2013-03-09 18:14:45'),
	(964, 165, 'invoice_number', '', '8'),
	(965, 165, 'amount_after_discount', '', '4564'),
	(966, 165, 'customers_id', '', ''),
	(967, 165, 'total_sale_amount', '', '4564'),
	(968, 165, 'payment_method', '', 'ca'),
	(969, 165, 'other_details', '', ''),
	(970, 165, 'discount', '', ''),
	(971, 165, 'date_added', '', '2013-03-09 18:16:22'),
	(972, 166, 'receipt_number', '', '8'),
	(973, 166, 'sales_id', '', '8'),
	(974, 166, 'amount', '', '0'),
	(975, 166, 'date_added', '', '2013-03-09 18:16:22'),
	(976, 167, 'invoice_number', '', '9'),
	(977, 167, 'amount_after_discount', '', '4564'),
	(978, 167, 'customers_id', '', ''),
	(979, 167, 'total_sale_amount', '', '4564'),
	(980, 167, 'payment_method', '', 'ca'),
	(981, 167, 'other_details', '', ''),
	(982, 167, 'discount', '', ''),
	(983, 167, 'date_added', '', '2013-03-09 18:17:17'),
	(984, 168, 'receipt_number', '', '9'),
	(985, 168, 'sales_id', '', '9'),
	(986, 168, 'amount', '', '0'),
	(987, 168, 'date_added', '', '2013-03-09 18:17:17'),
	(988, 169, 'invoice_number', '', '10'),
	(989, 169, 'amount_after_discount', '', '4564'),
	(990, 169, 'customers_id', '', ''),
	(991, 169, 'total_sale_amount', '', '4564'),
	(992, 169, 'payment_method', '', 'ca'),
	(993, 169, 'other_details', '', ''),
	(994, 169, 'discount', '', ''),
	(995, 169, 'date_added', '', '2013-03-09 18:18:01'),
	(996, 170, 'receipt_number', '', '10'),
	(997, 170, 'sales_id', '', '10'),
	(998, 170, 'amount', '', '0'),
	(999, 170, 'date_added', '', '2013-03-09 18:18:01'),
	(1000, 171, 'invoice_number', '', '11'),
	(1001, 171, 'amount_after_discount', '', '4564'),
	(1002, 171, 'customers_id', '', ''),
	(1003, 171, 'total_sale_amount', '', '4564'),
	(1004, 171, 'payment_method', '', 'ca'),
	(1005, 171, 'other_details', '', ''),
	(1006, 171, 'discount', '', ''),
	(1007, 171, 'date_added', '', '2013-03-09 18:18:37'),
	(1008, 172, 'receipt_number', '', '11'),
	(1009, 172, 'sales_id', '', '11'),
	(1010, 172, 'amount', '', '0'),
	(1011, 172, 'date_added', '', '2013-03-09 18:18:37'),
	(1012, 173, 'invoice_number', '', '12'),
	(1013, 173, 'amount_after_discount', '', '4564'),
	(1014, 173, 'customers_id', '', ''),
	(1015, 173, 'total_sale_amount', '', '4564'),
	(1016, 173, 'payment_method', '', 'ca'),
	(1017, 173, 'other_details', '', ''),
	(1018, 173, 'discount', '', ''),
	(1019, 173, 'date_added', '', '2013-03-09 18:20:24'),
	(1020, 174, 'receipt_number', '', '12'),
	(1021, 174, 'sales_id', '', '12'),
	(1022, 174, 'amount', '', '0'),
	(1023, 174, 'date_added', '', '2013-03-09 18:20:24'),
	(1024, 175, 'id', '', ''),
	(1025, 175, 'first_name', '', ''),
	(1026, 175, 'last_name', '', ''),
	(1027, 175, 'address', '', ''),
	(1028, 175, 'city', '', ''),
	(1029, 175, 'state', '', ''),
	(1030, 175, 'zip', '', ''),
	(1031, 175, 'phone_number1', '', ''),
	(1032, 175, 'phone_number2', '', ''),
	(1033, 176, 'users_id', '', '1'),
	(1034, 176, 'login_time', '', '2013-03-13 19:01:04'),
	(1035, 176, 'browser', '', 'Chrome'),
	(1036, 176, 'version', '', '25.0.1364.152'),
	(1037, 176, 'os', '', 'Windows'),
	(1038, 176, 'is_robot', '', 'N'),
	(1039, 176, 'user_agent', '', 'Mozilla/5.0 (Windows NT 6.1) AppleWebKit/537.22 (KHTML, like Gecko) Chrome/25.0.1364.152 Safari/537.'),
	(1040, 176, 'is_chrome_frame', '', 'N'),
	(1041, 176, 'ip_address', '', '127.0.0.1'),
	(1042, 177, 'users_id', '', '1'),
	(1043, 177, 'login_time', '', '2013-03-13 19:06:40'),
	(1044, 177, 'browser', '', 'Chrome'),
	(1045, 177, 'version', '', '25.0.1364.152'),
	(1046, 177, 'os', '', 'Windows'),
	(1047, 177, 'is_robot', '', 'N'),
	(1048, 177, 'user_agent', '', 'Mozilla/5.0 (Windows NT 6.1) AppleWebKit/537.22 (KHTML, like Gecko) Chrome/25.0.1364.152 Safari/537.'),
	(1049, 177, 'is_chrome_frame', '', 'N'),
	(1050, 177, 'ip_address', '', '127.0.0.1'),
	(1051, 178, 'users_id', '', '1'),
	(1052, 178, 'login_time', '', '2013-03-13 19:12:16'),
	(1053, 178, 'browser', '', 'Chrome'),
	(1054, 178, 'version', '', '25.0.1364.152'),
	(1055, 178, 'os', '', 'Windows'),
	(1056, 178, 'is_robot', '', 'N'),
	(1057, 178, 'user_agent', '', 'Mozilla/5.0 (Windows NT 6.1) AppleWebKit/537.22 (KHTML, like Gecko) Chrome/25.0.1364.152 Safari/537.'),
	(1058, 178, 'is_chrome_frame', '', 'N'),
	(1059, 178, 'ip_address', '', '127.0.0.1'),
	(1060, 179, 'users_id', '', '1'),
	(1061, 179, 'login_time', '', '2013-03-13 19:16:49'),
	(1062, 179, 'browser', '', 'Chrome'),
	(1063, 179, 'version', '', '25.0.1364.152'),
	(1064, 179, 'os', '', 'Windows'),
	(1065, 179, 'is_robot', '', 'N'),
	(1066, 179, 'user_agent', '', 'Mozilla/5.0 (Windows NT 6.1) AppleWebKit/537.22 (KHTML, like Gecko) Chrome/25.0.1364.152 Safari/537.'),
	(1067, 179, 'is_chrome_frame', '', 'N'),
	(1068, 179, 'ip_address', '', '127.0.0.1'),
	(1069, 180, 'users_id', '', '1'),
	(1070, 180, 'login_time', '', '2013-03-13 19:21:41'),
	(1071, 180, 'browser', '', 'Chrome'),
	(1072, 180, 'version', '', '25.0.1364.152'),
	(1073, 180, 'os', '', 'Windows'),
	(1074, 180, 'is_robot', '', 'N'),
	(1075, 180, 'user_agent', '', 'Mozilla/5.0 (Windows NT 6.1) AppleWebKit/537.22 (KHTML, like Gecko) Chrome/25.0.1364.152 Safari/537.'),
	(1076, 180, 'is_chrome_frame', '', 'N'),
	(1077, 180, 'ip_address', '', '127.0.0.1'),
	(1078, 181, 'users_id', '', '1'),
	(1079, 181, 'login_time', '', '2013-03-13 19:26:58'),
	(1080, 181, 'browser', '', 'Chrome'),
	(1081, 181, 'version', '', '25.0.1364.152'),
	(1082, 181, 'os', '', 'Windows'),
	(1083, 181, 'is_robot', '', 'N'),
	(1084, 181, 'user_agent', '', 'Mozilla/5.0 (Windows NT 6.1) AppleWebKit/537.22 (KHTML, like Gecko) Chrome/25.0.1364.152 Safari/537.'),
	(1085, 181, 'is_chrome_frame', '', 'N'),
	(1086, 181, 'ip_address', '', '127.0.0.1'),
	(1087, 182, 'users_id', '', '1'),
	(1088, 182, 'login_time', '', '2013-03-14 17:31:25'),
	(1089, 182, 'browser', '', 'Chrome'),
	(1090, 182, 'version', '', '25.0.1364.152'),
	(1091, 182, 'os', '', 'Windows'),
	(1092, 182, 'is_robot', '', 'N'),
	(1093, 182, 'user_agent', '', 'Mozilla/5.0 (Windows NT 6.1) AppleWebKit/537.22 (KHTML, like Gecko) Chrome/25.0.1364.152 Safari/537.'),
	(1094, 182, 'is_chrome_frame', '', 'N'),
	(1095, 182, 'ip_address', '', '127.0.0.1'),
	(1096, 183, 'users_id', '', '1'),
	(1097, 183, 'login_time', '', '2013-03-14 17:34:38'),
	(1098, 183, 'browser', '', 'Chrome'),
	(1099, 183, 'version', '', '25.0.1364.152'),
	(1100, 183, 'os', '', 'Windows'),
	(1101, 183, 'is_robot', '', 'N'),
	(1102, 183, 'user_agent', '', 'Mozilla/5.0 (Windows NT 6.1) AppleWebKit/537.22 (KHTML, like Gecko) Chrome/25.0.1364.152 Safari/537.'),
	(1103, 183, 'is_chrome_frame', '', 'N'),
	(1104, 183, 'ip_address', '', '127.0.0.1'),
	(1105, 184, 'users_id', '', '1'),
	(1106, 184, 'login_time', '', '2013-03-15 17:22:56'),
	(1107, 184, 'browser', '', 'Chrome'),
	(1108, 184, 'version', '', '25.0.1364.172'),
	(1109, 184, 'os', '', 'Windows'),
	(1110, 184, 'is_robot', '', 'N'),
	(1111, 184, 'user_agent', '', 'Mozilla/5.0 (Windows NT 6.1) AppleWebKit/537.22 (KHTML, like Gecko) Chrome/25.0.1364.172 Safari/537.'),
	(1112, 184, 'is_chrome_frame', '', 'N'),
	(1113, 184, 'ip_address', '', '127.0.0.1'),
	(1114, 185, 'users_id', '', '1'),
	(1115, 185, 'login_time', '', '2013-03-15 17:27:05'),
	(1116, 185, 'browser', '', 'Chrome'),
	(1117, 185, 'version', '', '25.0.1364.172'),
	(1118, 185, 'os', '', 'Windows'),
	(1119, 185, 'is_robot', '', 'N'),
	(1120, 185, 'user_agent', '', 'Mozilla/5.0 (Windows NT 6.1) AppleWebKit/537.22 (KHTML, like Gecko) Chrome/25.0.1364.172 Safari/537.'),
	(1121, 185, 'is_chrome_frame', '', 'N'),
	(1122, 185, 'ip_address', '', '127.0.0.1'),
	(1123, 186, 'users_id', '', '1'),
	(1124, 186, 'login_time', '', '2013-03-15 17:56:07'),
	(1125, 186, 'browser', '', 'Chrome'),
	(1126, 186, 'version', '', '25.0.1364.172'),
	(1127, 186, 'os', '', 'Windows'),
	(1128, 186, 'is_robot', '', 'N'),
	(1129, 186, 'user_agent', '', 'Mozilla/5.0 (Windows NT 6.1) AppleWebKit/537.22 (KHTML, like Gecko) Chrome/25.0.1364.172 Safari/537.'),
	(1130, 186, 'is_chrome_frame', '', 'N'),
	(1131, 186, 'ip_address', '', '127.0.0.1'),
	(1132, 187, 'users_id', '', '1'),
	(1133, 187, 'login_time', '', '2013-03-15 18:14:48'),
	(1134, 187, 'browser', '', 'Chrome'),
	(1135, 187, 'version', '', '25.0.1364.172'),
	(1136, 187, 'os', '', 'Windows'),
	(1137, 187, 'is_robot', '', 'N'),
	(1138, 187, 'user_agent', '', 'Mozilla/5.0 (Windows NT 6.1) AppleWebKit/537.22 (KHTML, like Gecko) Chrome/25.0.1364.172 Safari/537.'),
	(1139, 187, 'is_chrome_frame', '', 'N'),
	(1140, 187, 'ip_address', '', '127.0.0.1'),
	(1141, 188, 'id', '', ''),
	(1142, 188, 'name', '', ''),
	(1143, 188, 'model_number', '', ''),
	(1144, 188, 'price', '', ''),
	(1145, 189, 'users_id', '', '1'),
	(1146, 189, 'login_time', '', '2013-03-15 18:42:52'),
	(1147, 189, 'browser', '', 'Chrome'),
	(1148, 189, 'version', '', '25.0.1364.172'),
	(1149, 189, 'os', '', 'Windows'),
	(1150, 189, 'is_robot', '', 'N'),
	(1151, 189, 'user_agent', '', 'Mozilla/5.0 (Windows NT 6.1) AppleWebKit/537.22 (KHTML, like Gecko) Chrome/25.0.1364.172 Safari/537.'),
	(1152, 189, 'is_chrome_frame', '', 'N'),
	(1153, 189, 'ip_address', '', '127.0.0.1'),
	(1154, 190, 'users_id', '', '1'),
	(1155, 190, 'login_time', '', '2013-03-17 17:00:32'),
	(1156, 190, 'browser', '', 'Chrome'),
	(1157, 190, 'version', '', '25.0.1364.172'),
	(1158, 190, 'os', '', 'Windows'),
	(1159, 190, 'is_robot', '', 'N'),
	(1160, 190, 'user_agent', '', 'Mozilla/5.0 (Windows NT 6.1) AppleWebKit/537.22 (KHTML, like Gecko) Chrome/25.0.1364.172 Safari/537.'),
	(1161, 190, 'is_chrome_frame', '', 'N'),
	(1162, 190, 'ip_address', '', '127.0.0.1'),
	(1163, 191, 'id', '', ''),
	(1164, 191, 'first_name', '', ''),
	(1165, 191, 'last_name', '', ''),
	(1166, 191, 'address', '', ''),
	(1167, 191, 'city', '', ''),
	(1168, 191, 'state', '', ''),
	(1169, 191, 'zip', '', ''),
	(1170, 191, 'phone_number1', '', ''),
	(1171, 191, 'phone_number2', '', ''),
	(1172, 192, 'id', '', ''),
	(1173, 192, 'first_name', '', ''),
	(1174, 192, 'last_name', '', ''),
	(1175, 192, 'address', '', ''),
	(1176, 192, 'city', '', ''),
	(1177, 192, 'state', '', ''),
	(1178, 192, 'zip', '', ''),
	(1179, 192, 'phone_number1', '', ''),
	(1180, 192, 'phone_number2', '', ''),
	(1181, 193, 'id', '', ''),
	(1182, 193, 'first_name', '', 'Narendra'),
	(1183, 193, 'last_name', '', 'Kumar'),
	(1184, 193, 'address', '', 'HYD'),
	(1185, 193, 'city', '', 'hyd'),
	(1186, 193, 'state', '', 'ap'),
	(1187, 193, 'zip', '', '500082'),
	(1188, 193, 'phone_number1', '', '2121212212'),
	(1189, 193, 'phone_number2', '', '3131313131'),
	(1190, 194, 'phone_number1', '333344444', '3333444443'),
	(1191, 194, 'phone_number2', '99999', '9999933333'),
	(1192, 195, 'id', '', ''),
	(1193, 195, 'name', '', 'sfdds'),
	(1194, 195, 'model_number', '', '4534'),
	(1195, 195, 'price', '', '354.897'),
	(1196, 196, 'name', '', 'ytut'),
	(1197, 196, 'model_number', '', 'tut'),
	(1198, 196, 'price', '0', '656.7686'),
	(1199, 197, 'price', '656.7686', '656.76'),
	(1200, 198, 'name', 'ytut', 'ytut11111'),
	(1201, 199, 'name', 'ytut11111', 'ytut1'),
	(1202, 200, 'users_id', '', '1'),
	(1203, 200, 'login_time', '', '2013-03-18 17:33:14'),
	(1204, 200, 'browser', '', 'Chrome'),
	(1205, 200, 'version', '', '25.0.1364.172'),
	(1206, 200, 'os', '', 'Windows'),
	(1207, 200, 'is_robot', '', 'N'),
	(1208, 200, 'user_agent', '', 'Mozilla/5.0 (Windows NT 6.1) AppleWebKit/537.22 (KHTML, like Gecko) Chrome/25.0.1364.172 Safari/537.'),
	(1209, 200, 'is_chrome_frame', '', 'N'),
	(1210, 200, 'ip_address', '', '127.0.0.1'),
	(1211, 201, 'id', '', ''),
	(1212, 201, 'invoice_number', '', '13'),
	(1213, 201, 'amount_after_discount', '', '4564'),
	(1214, 201, 'customers_id', '', '10'),
	(1215, 201, 'total_sale_amount', '', '4564'),
	(1216, 201, 'payment_method', '', 'ca'),
	(1217, 201, 'other_details', '', 'no'),
	(1218, 201, 'discount', '', ''),
	(1219, 201, 'date_added', '', '2013-03-18 18:03:53'),
	(1220, 202, 'receipt_number', '', '13'),
	(1221, 202, 'sales_id', '', '13'),
	(1222, 202, 'amount', '', '4564'),
	(1223, 202, 'date_added', '', '2013-03-18 18:03:54'),
	(1224, 203, 'id', '', ''),
	(1225, 203, 'invoice_number', '', '14'),
	(1226, 203, 'amount_after_discount', '', '18256'),
	(1227, 203, 'customers_id', '', '10'),
	(1228, 203, 'total_sale_amount', '', '18256'),
	(1229, 203, 'payment_method', '', 'ca'),
	(1230, 203, 'other_details', '', 'dddd'),
	(1231, 203, 'discount', '', ''),
	(1232, 203, 'date_added', '', '2013-03-18 18:14:40'),
	(1233, 204, 'receipt_number', '', '14'),
	(1234, 204, 'sales_id', '', '14'),
	(1235, 204, 'amount', '', '18256'),
	(1236, 204, 'date_added', '', '2013-03-18 18:14:40'),
	(1237, 205, 'users_id', '', '1'),
	(1238, 205, 'login_time', '', '2013-03-19 16:54:52'),
	(1239, 205, 'browser', '', 'Chrome'),
	(1240, 205, 'version', '', '25.0.1364.172'),
	(1241, 205, 'os', '', 'Windows'),
	(1242, 205, 'is_robot', '', 'N'),
	(1243, 205, 'user_agent', '', 'Mozilla/5.0 (Windows NT 6.1) AppleWebKit/537.22 (KHTML, like Gecko) Chrome/25.0.1364.172 Safari/537.'),
	(1244, 205, 'is_chrome_frame', '', 'N'),
	(1245, 205, 'ip_address', '', '127.0.0.1'),
	(1246, 206, 'users_id', '', '1'),
	(1247, 206, 'login_time', '', '2013-03-19 16:56:59'),
	(1248, 206, 'browser', '', 'Chrome'),
	(1249, 206, 'version', '', '25.0.1364.172'),
	(1250, 206, 'os', '', 'Windows'),
	(1251, 206, 'is_robot', '', 'N'),
	(1252, 206, 'user_agent', '', 'Mozilla/5.0 (Windows NT 6.1) AppleWebKit/537.22 (KHTML, like Gecko) Chrome/25.0.1364.172 Safari/537.'),
	(1253, 206, 'is_chrome_frame', '', 'N'),
	(1254, 206, 'ip_address', '', '127.0.0.1'),
	(1255, 207, 'receipt_number', '', '14'),
	(1256, 207, 'sales_id', '', '1'),
	(1257, 207, 'amount', '', '18256.00'),
	(1258, 207, 'date_added', '', '2013-03-19 19:06:32'),
	(1259, 208, 'users_id', '', '1'),
	(1260, 208, 'login_time', '', '2013-03-20 18:18:39'),
	(1261, 208, 'browser', '', 'Chrome'),
	(1262, 208, 'version', '', '25.0.1364.172'),
	(1263, 208, 'os', '', 'Windows'),
	(1264, 208, 'is_robot', '', 'N'),
	(1265, 208, 'user_agent', '', 'Mozilla/5.0 (Windows NT 6.1) AppleWebKit/537.22 (KHTML, like Gecko) Chrome/25.0.1364.172 Safari/537.'),
	(1266, 208, 'is_chrome_frame', '', 'N'),
	(1267, 208, 'ip_address', '', '127.0.0.1'),
	(1268, 209, 'users_id', '', '1'),
	(1269, 209, 'login_time', '', '2013-03-21 17:41:24'),
	(1270, 209, 'browser', '', 'Chrome'),
	(1271, 209, 'version', '', '25.0.1364.172'),
	(1272, 209, 'os', '', 'Windows'),
	(1273, 209, 'is_robot', '', 'N'),
	(1274, 209, 'user_agent', '', 'Mozilla/5.0 (Windows NT 6.1) AppleWebKit/537.22 (KHTML, like Gecko) Chrome/25.0.1364.172 Safari/537.'),
	(1275, 209, 'is_chrome_frame', '', 'N'),
	(1276, 209, 'ip_address', '', '127.0.0.1'),
	(1277, 210, 'users_id', '', '1'),
	(1278, 210, 'login_time', '', '2013-03-22 17:45:27'),
	(1279, 210, 'browser', '', 'Chrome'),
	(1280, 210, 'version', '', '25.0.1364.172'),
	(1281, 210, 'os', '', 'Windows'),
	(1282, 210, 'is_robot', '', 'N'),
	(1283, 210, 'user_agent', '', 'Mozilla/5.0 (Windows NT 6.1) AppleWebKit/537.22 (KHTML, like Gecko) Chrome/25.0.1364.172 Safari/537.'),
	(1284, 210, 'is_chrome_frame', '', 'N'),
	(1285, 210, 'ip_address', '', '127.0.0.1'),
	(1286, 211, 'id', '', ''),
	(1287, 211, 'invoice_number', '', '15'),
	(1288, 211, 'amount_after_discount', '', '6500'),
	(1289, 211, 'customers_id', '', '5'),
	(1290, 211, 'total_sale_amount', '', '6500'),
	(1291, 211, 'payment_method', '', 'ca'),
	(1292, 211, 'other_details', '', 'ss'),
	(1293, 211, 'discount', '', ''),
	(1294, 211, 'date_added', '', '2013-03-22 18:43:10'),
	(1295, 212, 'receipt_number', '', '16'),
	(1296, 212, 'sales_id', '', '15'),
	(1297, 212, 'amount', '', '6500'),
	(1298, 212, 'date_added', '', '2013-03-22 18:43:11'),
	(1299, 213, 'id', '', ''),
	(1300, 213, 'invoice_number', '', '16'),
	(1301, 213, 'amount_after_discount', '', '6500'),
	(1302, 213, 'customers_id', '', '5'),
	(1303, 213, 'total_sale_amount', '', '6500'),
	(1304, 213, 'payment_method', '', 'ca'),
	(1305, 213, 'other_details', '', 'd'),
	(1306, 213, 'discount', '', ''),
	(1307, 213, 'date_added', '', '2013-03-22 18:46:55'),
	(1308, 214, 'receipt_number', '', '17'),
	(1309, 214, 'sales_id', '', '16'),
	(1310, 214, 'amount', '', '6500'),
	(1311, 214, 'date_added', '', '2013-03-22 18:46:55'),
	(1312, 215, 'id', '', ''),
	(1313, 215, 'invoice_number', '', '17'),
	(1314, 215, 'amount_after_discount', '', '5000'),
	(1315, 215, 'customers_id', '', '5'),
	(1316, 215, 'total_sale_amount', '', '5000'),
	(1317, 215, 'payment_method', '', 'ca'),
	(1318, 215, 'other_details', '', 'd'),
	(1319, 215, 'discount', '', ''),
	(1320, 215, 'date_added', '', '2013-03-22 18:55:05'),
	(1321, 216, 'receipt_number', '', '18'),
	(1322, 216, 'sales_id', '', '17'),
	(1323, 216, 'amount', '', '5000'),
	(1324, 216, 'date_added', '', '2013-03-22 18:55:05'),
	(1325, 217, 'receipt_number', '', '19'),
	(1326, 217, 'sales_id', '', '17'),
	(1327, 217, 'amount', '', '2222222222222222'),
	(1328, 217, 'date_added', '', '2013-03-22 19:57:03'),
	(1329, 218, 'receipt_number', '', '20'),
	(1330, 218, 'sales_id', '', '16'),
	(1331, 218, 'amount', '', '2222'),
	(1332, 218, 'date_added', '', '2013-03-22 19:58:19'),
	(1333, 219, 'users_id', '', '1'),
	(1334, 219, 'login_time', '', '2013-03-23 15:10:24'),
	(1335, 219, 'browser', '', 'Chrome'),
	(1336, 219, 'version', '', '25.0.1364.172'),
	(1337, 219, 'os', '', 'Windows'),
	(1338, 219, 'is_robot', '', 'N'),
	(1339, 219, 'user_agent', '', 'Mozilla/5.0 (Windows NT 6.1) AppleWebKit/537.22 (KHTML, like Gecko) Chrome/25.0.1364.172 Safari/537.'),
	(1340, 219, 'is_chrome_frame', '', 'N'),
	(1341, 219, 'ip_address', '', '127.0.0.1'),
	(1342, 220, 'users_id', '', '1'),
	(1343, 220, 'login_time', '', '2013-03-23 17:05:19'),
	(1344, 220, 'browser', '', 'Firefox'),
	(1345, 220, 'version', '', '19.0'),
	(1346, 220, 'os', '', 'Windows'),
	(1347, 220, 'is_robot', '', 'N'),
	(1348, 220, 'user_agent', '', 'Mozilla/5.0 (Windows NT 6.1; rv:19.0) Gecko/20100101 Firefox/19.0'),
	(1349, 220, 'is_chrome_frame', '', 'N'),
	(1350, 220, 'ip_address', '', '127.0.0.1'),
	(1351, 221, 'users_id', '', '1'),
	(1352, 221, 'login_time', '', '2013-03-25 17:19:31'),
	(1353, 221, 'browser', '', 'Chrome'),
	(1354, 221, 'version', '', '25.0.1364.172'),
	(1355, 221, 'os', '', 'Windows'),
	(1356, 221, 'is_robot', '', 'N'),
	(1357, 221, 'user_agent', '', 'Mozilla/5.0 (Windows NT 6.1) AppleWebKit/537.22 (KHTML, like Gecko) Chrome/25.0.1364.172 Safari/537.'),
	(1358, 221, 'is_chrome_frame', '', 'N'),
	(1359, 221, 'ip_address', '', '127.0.0.1'),
	(1360, 222, 'users_id', '', '1'),
	(1361, 222, 'login_time', '', '2013-03-26 18:09:35'),
	(1362, 222, 'browser', '', 'Chrome'),
	(1363, 222, 'version', '', '25.0.1364.172'),
	(1364, 222, 'os', '', 'Windows'),
	(1365, 222, 'is_robot', '', 'N'),
	(1366, 222, 'user_agent', '', 'Mozilla/5.0 (Windows NT 6.1) AppleWebKit/537.22 (KHTML, like Gecko) Chrome/25.0.1364.172 Safari/537.'),
	(1367, 222, 'is_chrome_frame', '', 'N'),
	(1368, 222, 'ip_address', '', '127.0.0.1'),
	(1369, 223, 'id', '', ''),
	(1370, 223, 'invoice_number', '', '18'),
	(1371, 223, 'amount_after_discount', '', '69000'),
	(1372, 223, 'customers_id', '', '10'),
	(1373, 223, 'total_sale_amount', '', '69000'),
	(1374, 223, 'payment_method', '', 'ca'),
	(1375, 223, 'other_details', '', 'Others'),
	(1376, 223, 'discount', '', ''),
	(1377, 223, 'date_added', '', '2013-03-26 19:03:14'),
	(1378, 224, 'receipt_number', '', '21'),
	(1379, 224, 'sales_id', '', '18'),
	(1380, 224, 'amount', '', '69000'),
	(1381, 224, 'date_added', '', '2013-03-26 19:03:15'),
	(1382, 225, 'users_id', '', '1'),
	(1383, 225, 'login_time', '', '2013-03-27 05:32:26'),
	(1384, 225, 'browser', '', 'Chrome'),
	(1385, 225, 'version', '', '25.0.1364.172'),
	(1386, 225, 'os', '', 'Windows'),
	(1387, 225, 'is_robot', '', 'N'),
	(1388, 225, 'user_agent', '', 'Mozilla/5.0 (Windows NT 6.1) AppleWebKit/537.22 (KHTML, like Gecko) Chrome/25.0.1364.172 Safari/537.'),
	(1389, 225, 'is_chrome_frame', '', 'N'),
	(1390, 225, 'ip_address', '', '127.0.0.1'),
	(1391, 226, 'receipt_number', '', '22'),
	(1392, 226, 'sales_id', '', '6'),
	(1393, 226, 'amount', '', '2000'),
	(1394, 226, 'date_added', '', '2013-03-01 18:20:27'),
	(1395, 227, 'users_id', '', '1'),
	(1396, 227, 'login_time', '', '2013-03-27 18:22:26'),
	(1397, 227, 'browser', '', 'Chrome'),
	(1398, 227, 'version', '', '25.0.1364.172'),
	(1399, 227, 'os', '', 'Windows'),
	(1400, 227, 'is_robot', '', 'N'),
	(1401, 227, 'user_agent', '', 'Mozilla/5.0 (Windows NT 6.1) AppleWebKit/537.22 (KHTML, like Gecko) Chrome/25.0.1364.172 Safari/537.'),
	(1402, 227, 'is_chrome_frame', '', 'N'),
	(1403, 227, 'ip_address', '', '127.0.0.1'),
	(1404, 228, 'receipt_number', '', '23'),
	(1405, 228, 'sales_id', '', '6'),
	(1406, 228, 'amount', '', '1000'),
	(1407, 228, 'date_added', '', '2013-03-27 18:22:50'),
	(1408, 229, 'receipt_number', '', '24'),
	(1409, 229, 'sales_id', '', '6'),
	(1410, 229, 'amount', '', '1000'),
	(1411, 229, 'date_added', '', '2013-03-27 18:22:56'),
	(1412, 230, 'receipt_number', '', '25'),
	(1413, 230, 'sales_id', '', '6'),
	(1414, 230, 'amount', '', '1000'),
	(1415, 230, 'date_added', '', '2013-03-27 18:22:58'),
	(1416, 231, 'receipt_number', '', '26'),
	(1417, 231, 'sales_id', '', '6'),
	(1418, 231, 'amount', '', '1000'),
	(1419, 231, 'date_added', '', '2013-03-27 18:22:59'),
	(1420, 232, 'receipt_number', '', '27'),
	(1421, 232, 'sales_id', '', '6'),
	(1422, 232, 'amount', '', '1000'),
	(1423, 232, 'date_added', '', '2013-03-27 18:23:01'),
	(1424, 233, 'receipt_number', '', '28'),
	(1425, 233, 'sales_id', '', '6'),
	(1426, 233, 'amount', '', '1000'),
	(1427, 233, 'date_added', '', '2013-03-27 18:23:02'),
	(1428, 234, 'receipt_number', '', '29'),
	(1429, 234, 'sales_id', '', '6'),
	(1430, 234, 'amount', '', '1000'),
	(1431, 234, 'date_added', '', '2013-03-27 18:23:03'),
	(1432, 235, 'receipt_number', '', '30'),
	(1433, 235, 'sales_id', '', '5'),
	(1434, 235, 'amount', '', '33'),
	(1435, 235, 'date_added', '', '2013-03-27 18:24:07'),
	(1436, 236, 'users_id', '', '1'),
	(1437, 236, 'login_time', '', '2013-03-30 16:35:57'),
	(1438, 236, 'browser', '', 'Chrome'),
	(1439, 236, 'version', '', '25.0.1364.172'),
	(1440, 236, 'os', '', 'Windows'),
	(1441, 236, 'is_robot', '', 'N'),
	(1442, 236, 'user_agent', '', 'Mozilla/5.0 (Windows NT 6.1) AppleWebKit/537.22 (KHTML, like Gecko) Chrome/25.0.1364.172 Safari/537.'),
	(1443, 236, 'is_chrome_frame', '', 'N'),
	(1444, 236, 'ip_address', '', '127.0.0.1'),
	(1445, 237, 'id', '', ''),
	(1446, 237, 'invoice_number', '', '19'),
	(1447, 237, 'amount_after_discount', '', '12610'),
	(1448, 237, 'customers_id', '', '10'),
	(1449, 237, 'total_sale_amount', '', '13000'),
	(1450, 237, 'payment_method', '', 'ca'),
	(1451, 237, 'other_details', '', 'ww'),
	(1452, 237, 'discount', '', '3'),
	(1453, 237, 'vat', '', '4'),
	(1454, 237, 'date_added', '', '2013-03-30 16:51:37'),
	(1455, 238, 'receipt_number', '', '31'),
	(1456, 238, 'sales_id', '', '19'),
	(1457, 238, 'amount', '', '13115'),
	(1458, 238, 'date_added', '', '2013-03-30 16:51:37'),
	(1459, 239, 'id', '', ''),
	(1460, 239, 'invoice_number', '', '20'),
	(1461, 239, 'amount_after_discount', '', '6305'),
	(1462, 239, 'customers_id', '', '3'),
	(1463, 239, 'payment_method', '', 'cr'),
	(1464, 239, 'other_details', '', 'rr'),
	(1465, 239, 'discount', '', '3'),
	(1466, 239, 'vat', '', '4'),
	(1467, 239, 'vat_amount', '', '253'),
	(1468, 239, 'amount_with_vat', '', '6558'),
	(1469, 239, 'date_added', '', '2013-03-30 17:19:34'),
	(1470, 240, 'receipt_number', '', '32'),
	(1471, 240, 'sales_id', '', '20'),
	(1472, 240, 'amount', '', '6558'),
	(1473, 240, 'date_added', '', '2013-03-30 17:19:34'),
	(1474, 241, 'users_id', '', '1'),
	(1475, 241, 'login_time', '', '2013-04-01 17:59:03'),
	(1476, 241, 'browser', '', 'Chrome'),
	(1477, 241, 'version', '', '25.0.1364.172'),
	(1478, 241, 'os', '', 'Windows'),
	(1479, 241, 'is_robot', '', 'N'),
	(1480, 241, 'user_agent', '', 'Mozilla/5.0 (Windows NT 6.1) AppleWebKit/537.22 (KHTML, like Gecko) Chrome/25.0.1364.172 Safari/537.'),
	(1481, 241, 'is_chrome_frame', '', 'N'),
	(1482, 241, 'ip_address', '', '127.0.0.1'),
	(1483, 242, 'users_id', '', '1'),
	(1484, 242, 'login_time', '', '2013-04-02 17:24:41'),
	(1485, 242, 'browser', '', 'Chrome'),
	(1486, 242, 'version', '', '25.0.1364.172'),
	(1487, 242, 'os', '', 'Windows'),
	(1488, 242, 'is_robot', '', 'N'),
	(1489, 242, 'user_agent', '', 'Mozilla/5.0 (Windows NT 6.1) AppleWebKit/537.22 (KHTML, like Gecko) Chrome/25.0.1364.172 Safari/537.'),
	(1490, 242, 'is_chrome_frame', '', 'N'),
	(1491, 242, 'ip_address', '', '127.0.0.1'),
	(1492, 243, 'users_id', '', '1'),
	(1493, 243, 'login_time', '', '2013-04-04 17:28:22'),
	(1494, 243, 'browser', '', 'Chrome'),
	(1495, 243, 'version', '', '26.0.1410.43'),
	(1496, 243, 'os', '', 'Windows'),
	(1497, 243, 'is_robot', '', 'N'),
	(1498, 243, 'user_agent', '', 'Mozilla/5.0 (Windows NT 6.1) AppleWebKit/537.31 (KHTML, like Gecko) Chrome/26.0.1410.43 Safari/537.3'),
	(1499, 243, 'is_chrome_frame', '', 'N'),
	(1500, 243, 'ip_address', '', '127.0.0.1'),
	(1501, 244, 'id', '', ''),
	(1502, 244, 'invoice_number', '', '21'),
	(1503, 244, 'amount_after_discount', '', '38800'),
	(1504, 244, 'customers_id', '', '5'),
	(1505, 244, 'total_sale_amount', '', '40000'),
	(1506, 244, 'payment_method', '', 'ca'),
	(1507, 244, 'other_details', '', 'aa'),
	(1508, 244, 'discount', '', '3'),
	(1509, 244, 'vat', '', '5'),
	(1510, 244, 'vat_amount', '', '1940'),
	(1511, 244, 'amount_with_vat', '', '40740'),
	(1512, 244, 'date_added', '', '2013-04-04 18:16:40'),
	(1513, 245, 'receipt_number', '', '33'),
	(1514, 245, 'sales_id', '', '21'),
	(1515, 245, 'amount', '', '40000'),
	(1516, 245, 'date_added', '', '2013-04-04 18:16:40'),
	(1517, 246, 'users_id', '', '1'),
	(1518, 246, 'login_time', '', '2013-04-05 17:30:50'),
	(1519, 246, 'browser', '', 'Chrome'),
	(1520, 246, 'version', '', '26.0.1410.43'),
	(1521, 246, 'os', '', 'Windows'),
	(1522, 246, 'is_robot', '', 'N'),
	(1523, 246, 'user_agent', '', 'Mozilla/5.0 (Windows NT 6.1) AppleWebKit/537.31 (KHTML, like Gecko) Chrome/26.0.1410.43 Safari/537.3'),
	(1524, 246, 'is_chrome_frame', '', 'N'),
	(1525, 246, 'ip_address', '', '127.0.0.1');
/*!40000 ALTER TABLE `update_history_details_php` ENABLE KEYS */;


-- Dumping structure for table spice.update_history_main
DROP TABLE IF EXISTS `update_history_main`;
CREATE TABLE IF NOT EXISTS `update_history_main` (
  `id` int(11) NOT NULL AUTO_INCREMENT,
  `modify_date` datetime NOT NULL,
  `table_involved` varchar(50) NOT NULL,
  `action` varchar(50) NOT NULL,
  PRIMARY KEY (`id`)
) ENGINE=InnoDB DEFAULT CHARSET=latin1;

-- Dumping data for table spice.update_history_main: ~0 rows (approximately)
DELETE FROM `update_history_main`;
/*!40000 ALTER TABLE `update_history_main` DISABLE KEYS */;
/*!40000 ALTER TABLE `update_history_main` ENABLE KEYS */;


-- Dumping structure for table spice.update_history_main_php
DROP TABLE IF EXISTS `update_history_main_php`;
CREATE TABLE IF NOT EXISTS `update_history_main_php` (
  `id` int(11) NOT NULL AUTO_INCREMENT,
  `modify_date` datetime NOT NULL,
  `table_involved` varchar(50) NOT NULL,
  `action` varchar(50) NOT NULL,
  `users_id` int(11) NOT NULL,
  `ip_address` varchar(50) NOT NULL,
  PRIMARY KEY (`id`)
) ENGINE=InnoDB AUTO_INCREMENT=247 DEFAULT CHARSET=latin1;

-- Dumping data for table spice.update_history_main_php: ~235 rows (approximately)
DELETE FROM `update_history_main_php`;
/*!40000 ALTER TABLE `update_history_main_php` DISABLE KEYS */;
INSERT INTO `update_history_main_php` (`id`, `modify_date`, `table_involved`, `action`, `users_id`, `ip_address`) VALUES
	(1, '2013-02-22 00:01:41', 'models', 'insert', 1, '127.0.0.1'),
	(2, '2013-02-22 23:53:41', 'products', 'insert', 1, '127.0.0.1'),
	(3, '2013-02-23 00:14:45', 'customers', 'insert', 1, '127.0.0.1'),
	(4, '2013-02-23 00:33:03', 'sales', 'insert', 1, '127.0.0.1'),
	(5, '2013-02-23 00:34:10', 'sales', 'insert', 1, '127.0.0.1'),
	(6, '2013-02-24 17:42:10', 'models', 'insert', 1, '127.0.0.1'),
	(7, '2013-02-24 17:43:55', 'models', 'insert', 1, '127.0.0.1'),
	(8, '2013-02-24 17:49:17', 'products', 'insert', 1, '127.0.0.1'),
	(9, '2013-02-24 17:50:04', 'products', 'insert', 1, '127.0.0.1'),
	(10, '2013-02-24 17:51:11', 'products', 'insert', 1, '127.0.0.1'),
	(11, '2013-02-24 18:45:31', 'customers', 'insert', 1, '127.0.0.1'),
	(12, '2013-02-24 18:46:47', 'customers', 'insert', 1, '127.0.0.1'),
	(13, '2013-03-01 23:56:37', 'sales', 'insert', 1, '127.0.0.1'),
	(14, '2013-03-02 00:14:36', 'sales', 'insert', 1, '127.0.0.1'),
	(15, '2013-03-02 00:17:04', 'sales', 'insert', 1, '127.0.0.1'),
	(16, '2013-03-02 00:17:27', 'sales', 'insert', 1, '127.0.0.1'),
	(17, '2013-03-02 00:17:51', 'sales', 'insert', 1, '127.0.0.1'),
	(18, '2013-03-02 00:18:40', 'sales', 'insert', 1, '127.0.0.1'),
	(19, '2013-03-02 00:28:12', 'sales', 'insert', 1, '127.0.0.1'),
	(20, '2013-03-02 00:28:12', 'sales_payment_details', 'insert', 1, '127.0.0.1'),
	(21, '2013-03-02 00:30:34', 'sales', 'insert', 1, '127.0.0.1'),
	(22, '2013-03-02 00:32:00', 'sales', 'insert', 1, '127.0.0.1'),
	(23, '2013-03-02 00:32:01', 'sales_payment_details', 'insert', 1, '127.0.0.1'),
	(24, '2013-03-03 15:50:00', 'sales', 'insert', 1, '127.0.0.1'),
	(25, '2013-03-03 15:50:00', 'sales_payment_details', 'insert', 1, '127.0.0.1'),
	(26, '2013-03-03 15:56:03', 'sales', 'insert', 1, '127.0.0.1'),
	(27, '2013-03-03 15:56:03', 'sales_payment_details', 'insert', 1, '127.0.0.1'),
	(28, '2013-03-03 17:19:49', 'sales', 'insert', 1, '127.0.0.1'),
	(29, '2013-03-03 17:19:49', 'sales_payment_details', 'insert', 1, '127.0.0.1'),
	(30, '2013-03-03 17:58:42', 'sales', 'insert', 1, '127.0.0.1'),
	(31, '2013-03-03 17:58:42', 'sales_payment_details', 'insert', 1, '127.0.0.1'),
	(32, '2013-03-03 18:01:54', 'sales', 'insert', 1, '127.0.0.1'),
	(33, '2013-03-03 18:01:54', 'sales_payment_details', 'insert', 1, '127.0.0.1'),
	(34, '2013-03-03 18:03:06', 'sales', 'insert', 1, '127.0.0.1'),
	(35, '2013-03-03 18:03:06', 'sales_payment_details', 'insert', 1, '127.0.0.1'),
	(36, '2013-03-03 18:06:52', 'sales', 'insert', 1, '127.0.0.1'),
	(37, '2013-03-03 18:06:52', 'sales_payment_details', 'insert', 1, '127.0.0.1'),
	(38, '2013-03-03 18:12:19', 'sales', 'insert', 1, '127.0.0.1'),
	(39, '2013-03-03 18:12:20', 'sales_payment_details', 'insert', 1, '127.0.0.1'),
	(40, '2013-03-03 23:29:28', 'sales', 'insert', 1, '127.0.0.1'),
	(41, '2013-03-03 23:29:28', 'sales_payment_details', 'insert', 1, '127.0.0.1'),
	(42, '2013-03-04 21:49:01', 'sales', 'insert', 1, '127.0.0.1'),
	(43, '2013-03-04 21:49:01', 'sales_payment_details', 'insert', 1, '127.0.0.1'),
	(44, '2013-03-04 21:49:58', 'sales', 'insert', 1, '127.0.0.1'),
	(45, '2013-03-04 21:49:58', 'sales_payment_details', 'insert', 1, '127.0.0.1'),
	(46, '2013-03-04 21:53:00', 'sales', 'insert', 1, '127.0.0.1'),
	(47, '2013-03-04 21:53:01', 'sales_payment_details', 'insert', 1, '127.0.0.1'),
	(48, '2013-03-04 21:53:58', 'sales', 'insert', 1, '127.0.0.1'),
	(49, '2013-03-04 21:53:58', 'sales_payment_details', 'insert', 1, '127.0.0.1'),
	(50, '2013-03-04 21:54:14', 'sales', 'insert', 1, '127.0.0.1'),
	(51, '2013-03-04 21:54:14', 'sales_payment_details', 'insert', 1, '127.0.0.1'),
	(52, '2013-03-04 21:54:29', 'sales', 'insert', 1, '127.0.0.1'),
	(53, '2013-03-04 21:54:29', 'sales_payment_details', 'insert', 1, '127.0.0.1'),
	(54, '2013-03-04 21:55:31', 'sales', 'insert', 1, '127.0.0.1'),
	(55, '2013-03-04 21:55:31', 'sales_payment_details', 'insert', 1, '127.0.0.1'),
	(56, '2013-03-04 23:27:17', 'sales', 'insert', 1, '127.0.0.1'),
	(57, '2013-03-04 23:28:41', 'sales', 'insert', 1, '127.0.0.1'),
	(58, '2013-03-04 23:30:38', 'sales', 'insert', 1, '127.0.0.1'),
	(59, '2013-03-04 23:31:14', 'sales', 'insert', 1, '127.0.0.1'),
	(60, '2013-03-04 23:34:13', 'sales', 'insert', 1, '127.0.0.1'),
	(61, '2013-03-04 23:34:13', 'sales_payment_details', 'insert', 1, '127.0.0.1'),
	(62, '2013-03-04 23:35:19', 'sales', 'insert', 1, '127.0.0.1'),
	(63, '2013-03-04 23:35:19', 'sales_payment_details', 'insert', 1, '127.0.0.1'),
	(64, '2013-03-04 23:37:38', 'sales', 'insert', 1, '127.0.0.1'),
	(65, '2013-03-04 23:37:38', 'sales_payment_details', 'insert', 1, '127.0.0.1'),
	(66, '2013-03-04 23:38:50', 'sales', 'insert', 1, '127.0.0.1'),
	(67, '2013-03-04 23:38:50', 'sales_payment_details', 'insert', 1, '127.0.0.1'),
	(68, '2013-03-04 23:39:52', 'sales', 'insert', 1, '127.0.0.1'),
	(69, '2013-03-04 23:39:52', 'sales_payment_details', 'insert', 1, '127.0.0.1'),
	(70, '2013-03-04 23:41:01', 'sales', 'insert', 1, '127.0.0.1'),
	(71, '2013-03-04 23:41:02', 'sales_payment_details', 'insert', 1, '127.0.0.1'),
	(72, '2013-03-04 23:42:54', 'sales', 'insert', 1, '127.0.0.1'),
	(73, '2013-03-04 23:42:54', 'sales_payment_details', 'insert', 1, '127.0.0.1'),
	(74, '2013-03-04 23:43:40', 'sales', 'insert', 1, '127.0.0.1'),
	(75, '2013-03-04 23:43:40', 'sales_payment_details', 'insert', 1, '127.0.0.1'),
	(76, '2013-03-04 23:44:48', 'sales', 'insert', 1, '127.0.0.1'),
	(77, '2013-03-04 23:44:48', 'sales_payment_details', 'insert', 1, '127.0.0.1'),
	(78, '2013-03-04 23:45:24', 'sales', 'insert', 1, '127.0.0.1'),
	(79, '2013-03-04 23:45:24', 'sales_payment_details', 'insert', 1, '127.0.0.1'),
	(80, '2013-03-04 23:46:21', 'sales', 'insert', 1, '127.0.0.1'),
	(81, '2013-03-04 23:46:21', 'sales_payment_details', 'insert', 1, '127.0.0.1'),
	(82, '2013-03-04 23:46:33', 'sales', 'insert', 1, '127.0.0.1'),
	(83, '2013-03-04 23:46:34', 'sales_payment_details', 'insert', 1, '127.0.0.1'),
	(84, '2013-03-04 23:46:43', 'sales', 'insert', 1, '127.0.0.1'),
	(85, '2013-03-04 23:46:43', 'sales_payment_details', 'insert', 1, '127.0.0.1'),
	(86, '2013-03-04 23:47:14', 'sales', 'insert', 1, '127.0.0.1'),
	(87, '2013-03-04 23:47:14', 'sales_payment_details', 'insert', 1, '127.0.0.1'),
	(88, '2013-03-04 23:48:21', 'sales', 'insert', 1, '127.0.0.1'),
	(89, '2013-03-04 23:48:21', 'sales_payment_details', 'insert', 1, '127.0.0.1'),
	(90, '2013-03-04 23:50:08', 'sales', 'insert', 1, '127.0.0.1'),
	(91, '2013-03-04 23:50:08', 'sales_payment_details', 'insert', 1, '127.0.0.1'),
	(92, '2013-03-04 23:50:37', 'sales', 'insert', 1, '127.0.0.1'),
	(93, '2013-03-04 23:50:37', 'sales_payment_details', 'insert', 1, '127.0.0.1'),
	(94, '2013-03-04 23:51:16', 'sales', 'insert', 1, '127.0.0.1'),
	(95, '2013-03-04 23:51:16', 'sales_payment_details', 'insert', 1, '127.0.0.1'),
	(96, '2013-03-04 23:51:40', 'sales', 'insert', 1, '127.0.0.1'),
	(97, '2013-03-04 23:51:40', 'sales_payment_details', 'insert', 1, '127.0.0.1'),
	(98, '2013-03-04 23:52:03', 'sales', 'insert', 1, '127.0.0.1'),
	(99, '2013-03-04 23:52:04', 'sales_payment_details', 'insert', 1, '127.0.0.1'),
	(100, '2013-03-04 23:54:01', 'sales', 'insert', 1, '127.0.0.1'),
	(101, '2013-03-04 23:54:02', 'sales_payment_details', 'insert', 1, '127.0.0.1'),
	(102, '2013-03-04 23:54:32', 'sales', 'insert', 1, '127.0.0.1'),
	(103, '2013-03-04 23:54:32', 'sales_payment_details', 'insert', 1, '127.0.0.1'),
	(104, '2013-03-04 23:55:44', 'sales', 'insert', 1, '127.0.0.1'),
	(105, '2013-03-04 23:55:45', 'sales_payment_details', 'insert', 1, '127.0.0.1'),
	(106, '2013-03-05 00:11:55', 'sales', 'insert', 1, '127.0.0.1'),
	(107, '2013-03-05 00:11:55', 'sales_payment_details', 'insert', 1, '127.0.0.1'),
	(108, '2013-03-05 00:12:19', 'sales', 'insert', 1, '127.0.0.1'),
	(109, '2013-03-05 00:12:20', 'sales_payment_details', 'insert', 1, '127.0.0.1'),
	(110, '2013-03-05 00:14:17', 'sales', 'insert', 1, '127.0.0.1'),
	(111, '2013-03-05 00:14:17', 'sales_payment_details', 'insert', 1, '127.0.0.1'),
	(112, '2013-03-05 00:14:36', 'sales', 'insert', 1, '127.0.0.1'),
	(113, '2013-03-05 00:14:36', 'sales_payment_details', 'insert', 1, '127.0.0.1'),
	(114, '2013-03-05 00:15:04', 'sales', 'insert', 1, '127.0.0.1'),
	(115, '2013-03-05 00:15:04', 'sales_payment_details', 'insert', 1, '127.0.0.1'),
	(116, '2013-03-05 00:15:17', 'sales', 'insert', 1, '127.0.0.1'),
	(117, '2013-03-05 00:15:17', 'sales_payment_details', 'insert', 1, '127.0.0.1'),
	(118, '2013-03-05 00:15:31', 'sales', 'insert', 1, '127.0.0.1'),
	(119, '2013-03-05 00:15:31', 'sales_payment_details', 'insert', 1, '127.0.0.1'),
	(120, '2013-03-05 00:15:46', 'sales', 'insert', 1, '127.0.0.1'),
	(121, '2013-03-05 00:15:46', 'sales_payment_details', 'insert', 1, '127.0.0.1'),
	(122, '2013-03-05 00:16:27', 'sales', 'insert', 1, '127.0.0.1'),
	(123, '2013-03-05 00:16:27', 'sales_payment_details', 'insert', 1, '127.0.0.1'),
	(124, '2013-03-05 00:21:00', 'sales', 'insert', 1, '127.0.0.1'),
	(125, '2013-03-05 00:21:01', 'sales_payment_details', 'insert', 1, '127.0.0.1'),
	(126, '2013-03-05 00:21:56', 'sales', 'insert', 1, '127.0.0.1'),
	(127, '2013-03-05 00:21:57', 'sales_payment_details', 'insert', 1, '127.0.0.1'),
	(128, '2013-03-05 00:22:24', 'sales', 'insert', 1, '127.0.0.1'),
	(129, '2013-03-05 00:22:24', 'sales_payment_details', 'insert', 1, '127.0.0.1'),
	(130, '2013-03-05 00:23:11', 'sales', 'insert', 1, '127.0.0.1'),
	(131, '2013-03-05 00:23:11', 'sales_payment_details', 'insert', 1, '127.0.0.1'),
	(132, '2013-03-05 00:24:25', 'sales', 'insert', 1, '127.0.0.1'),
	(133, '2013-03-05 00:24:25', 'sales_payment_details', 'insert', 1, '127.0.0.1'),
	(134, '2013-03-05 00:33:33', 'sales', 'insert', 1, '127.0.0.1'),
	(135, '2013-03-05 00:33:33', 'sales_payment_details', 'insert', 1, '127.0.0.1'),
	(136, '2013-03-05 23:54:38', 'sales', 'insert', 1, '127.0.0.1'),
	(137, '2013-03-05 23:54:38', 'sales_payment_details', 'insert', 1, '127.0.0.1'),
	(138, '2013-03-05 23:55:01', 'sales', 'insert', 1, '127.0.0.1'),
	(139, '2013-03-05 23:55:01', 'sales_payment_details', 'insert', 1, '127.0.0.1'),
	(140, '2013-03-05 23:55:24', 'sales', 'insert', 1, '127.0.0.1'),
	(141, '2013-03-05 23:55:24', 'sales_payment_details', 'insert', 1, '127.0.0.1'),
	(142, '2013-03-05 23:55:50', 'sales', 'insert', 1, '127.0.0.1'),
	(143, '2013-03-05 23:55:50', 'sales_payment_details', 'insert', 1, '127.0.0.1'),
	(144, '2013-03-05 23:56:52', 'sales', 'insert', 1, '127.0.0.1'),
	(145, '2013-03-05 23:56:52', 'sales_payment_details', 'insert', 1, '127.0.0.1'),
	(146, '2013-03-05 23:58:54', 'sales', 'insert', 1, '127.0.0.1'),
	(147, '2013-03-05 23:58:55', 'sales_payment_details', 'insert', 1, '127.0.0.1'),
	(148, '2013-03-06 00:47:33', 'models', 'update', 1, '127.0.0.1'),
	(149, '2013-03-06 00:47:39', 'models', 'update', 1, '127.0.0.1'),
	(150, '2013-03-08 23:00:55', 'customers', 'insert', 1, '127.0.0.1'),
	(151, '2013-03-08 23:49:57', 'customers', 'update', 1, '127.0.0.1'),
	(152, '2013-03-08 23:50:24', 'customers', 'insert', 1, '127.0.0.1'),
	(153, '2013-03-09 23:34:43', 'sales', 'insert', 1, '127.0.0.1'),
	(154, '2013-03-09 23:34:43', 'sales_payment_details', 'insert', 1, '127.0.0.1'),
	(155, '2013-03-09 23:42:31', 'sales', 'insert', 1, '127.0.0.1'),
	(156, '2013-03-09 23:42:31', 'sales_payment_details', 'insert', 1, '127.0.0.1'),
	(157, '2013-03-09 23:43:23', 'sales', 'insert', 1, '127.0.0.1'),
	(158, '2013-03-09 23:43:23', 'sales_payment_details', 'insert', 1, '127.0.0.1'),
	(159, '2013-03-09 23:43:59', 'sales', 'insert', 1, '127.0.0.1'),
	(160, '2013-03-09 23:44:00', 'sales_payment_details', 'insert', 1, '127.0.0.1'),
	(161, '2013-03-09 23:44:24', 'sales', 'insert', 1, '127.0.0.1'),
	(162, '2013-03-09 23:44:24', 'sales_payment_details', 'insert', 1, '127.0.0.1'),
	(163, '2013-03-09 23:44:45', 'sales', 'insert', 1, '127.0.0.1'),
	(164, '2013-03-09 23:44:45', 'sales_payment_details', 'insert', 1, '127.0.0.1'),
	(165, '2013-03-09 23:46:22', 'sales', 'insert', 1, '127.0.0.1'),
	(166, '2013-03-09 23:46:22', 'sales_payment_details', 'insert', 1, '127.0.0.1'),
	(167, '2013-03-09 23:47:17', 'sales', 'insert', 1, '127.0.0.1'),
	(168, '2013-03-09 23:47:17', 'sales_payment_details', 'insert', 1, '127.0.0.1'),
	(169, '2013-03-09 23:48:01', 'sales', 'insert', 1, '127.0.0.1'),
	(170, '2013-03-09 23:48:01', 'sales_payment_details', 'insert', 1, '127.0.0.1'),
	(171, '2013-03-09 23:48:37', 'sales', 'insert', 1, '127.0.0.1'),
	(172, '2013-03-09 23:48:37', 'sales_payment_details', 'insert', 1, '127.0.0.1'),
	(173, '2013-03-09 23:50:24', 'sales', 'insert', 1, '127.0.0.1'),
	(174, '2013-03-09 23:50:24', 'sales_payment_details', 'insert', 1, '127.0.0.1'),
	(175, '2013-03-12 00:19:31', 'customers', 'insert', 1, '127.0.0.1'),
	(176, '2013-03-14 00:31:04', 'login_trace', 'insert', 1, '127.0.0.1'),
	(177, '2013-03-14 00:36:40', 'login_trace', 'insert', 1, '127.0.0.1'),
	(178, '2013-03-14 00:42:16', 'login_trace', 'insert', 1, '127.0.0.1'),
	(179, '2013-03-14 00:46:49', 'login_trace', 'insert', 1, '127.0.0.1'),
	(180, '2013-03-14 00:51:41', 'login_trace', 'insert', 1, '127.0.0.1'),
	(181, '2013-03-14 00:56:58', 'login_trace', 'insert', 1, '127.0.0.1'),
	(182, '2013-03-14 23:01:25', 'login_trace', 'insert', 1, '127.0.0.1'),
	(183, '2013-03-14 23:04:38', 'login_trace', 'insert', 1, '127.0.0.1'),
	(184, '2013-03-15 22:52:56', 'login_trace', 'insert', 1, '127.0.0.1'),
	(185, '2013-03-15 22:57:05', 'login_trace', 'insert', 1, '127.0.0.1'),
	(186, '2013-03-15 23:26:07', 'login_trace', 'insert', 1, '127.0.0.1'),
	(187, '2013-03-15 23:44:48', 'login_trace', 'insert', 1, '127.0.0.1'),
	(188, '2013-03-15 23:48:40', 'models', 'insert', 1, '127.0.0.1'),
	(189, '2013-03-16 00:12:52', 'login_trace', 'insert', 1, '127.0.0.1'),
	(190, '2013-03-17 22:30:32', 'login_trace', 'insert', 1, '127.0.0.1'),
	(191, '2013-03-17 22:40:40', 'customers', 'insert', 1, '127.0.0.1'),
	(192, '2013-03-17 23:02:04', 'customers', 'insert', 1, '127.0.0.1'),
	(193, '2013-03-17 23:23:20', 'customers', 'insert', 1, '127.0.0.1'),
	(194, '2013-03-17 23:24:24', 'customers', 'update', 1, '127.0.0.1'),
	(195, '2013-03-17 23:44:05', 'models', 'insert', 1, '127.0.0.1'),
	(196, '2013-03-17 23:44:44', 'models', 'update', 1, '127.0.0.1'),
	(197, '2013-03-17 23:48:19', 'models', 'update', 1, '127.0.0.1'),
	(198, '2013-03-17 23:48:45', 'models', 'update', 1, '127.0.0.1'),
	(199, '2013-03-17 23:53:23', 'models', 'update', 1, '127.0.0.1'),
	(200, '2013-03-18 23:03:14', 'login_trace', 'insert', 1, '127.0.0.1'),
	(201, '2013-03-18 23:33:53', 'sales', 'insert', 1, '127.0.0.1'),
	(202, '2013-03-18 23:33:54', 'sales_payment_details', 'insert', 1, '127.0.0.1'),
	(203, '2013-03-18 23:44:40', 'sales', 'insert', 1, '127.0.0.1'),
	(204, '2013-03-18 23:44:40', 'sales_payment_details', 'insert', 1, '127.0.0.1'),
	(205, '2013-03-19 22:24:52', 'login_trace', 'insert', 1, '127.0.0.1'),
	(206, '2013-03-19 22:26:59', 'login_trace', 'insert', 1, '127.0.0.1'),
	(207, '2013-03-20 00:36:32', 'sales_payment_details', 'insert', 1, '127.0.0.1'),
	(208, '2013-03-20 23:48:39', 'login_trace', 'insert', 1, '127.0.0.1'),
	(209, '2013-03-21 23:11:24', 'login_trace', 'insert', 1, '127.0.0.1'),
	(210, '2013-03-22 23:15:27', 'login_trace', 'insert', 1, '127.0.0.1'),
	(211, '2013-03-23 00:13:11', 'sales', 'insert', 1, '127.0.0.1'),
	(212, '2013-03-23 00:13:11', 'sales_payment_details', 'insert', 1, '127.0.0.1'),
	(213, '2013-03-23 00:16:55', 'sales', 'insert', 1, '127.0.0.1'),
	(214, '2013-03-23 00:16:55', 'sales_payment_details', 'insert', 1, '127.0.0.1'),
	(215, '2013-03-23 00:25:05', 'sales', 'insert', 1, '127.0.0.1'),
	(216, '2013-03-23 00:25:05', 'sales_payment_details', 'insert', 1, '127.0.0.1'),
	(217, '2013-03-23 01:27:03', 'sales_payment_details', 'insert', 1, '127.0.0.1'),
	(218, '2013-03-23 01:28:19', 'sales_payment_details', 'insert', 1, '127.0.0.1'),
	(219, '2013-03-23 20:40:24', 'login_trace', 'insert', 1, '127.0.0.1'),
	(220, '2013-03-23 22:35:19', 'login_trace', 'insert', 1, '127.0.0.1'),
	(221, '2013-03-25 22:49:31', 'login_trace', 'insert', 1, '127.0.0.1'),
	(222, '2013-03-26 23:39:35', 'login_trace', 'insert', 1, '127.0.0.1'),
	(223, '2013-03-27 00:33:15', 'sales', 'insert', 1, '127.0.0.1'),
	(224, '2013-03-27 00:33:15', 'sales_payment_details', 'insert', 1, '127.0.0.1'),
	(225, '2013-03-27 11:02:26', 'login_trace', 'insert', 1, '127.0.0.1'),
	(226, '2013-03-01 23:50:27', 'sales_payment_details', 'insert', 1, '127.0.0.1'),
	(227, '2013-03-27 23:52:26', 'login_trace', 'insert', 1, '127.0.0.1'),
	(228, '2013-03-27 23:52:50', 'sales_payment_details', 'insert', 1, '127.0.0.1'),
	(229, '2013-03-27 23:52:56', 'sales_payment_details', 'insert', 1, '127.0.0.1'),
	(230, '2013-03-27 23:52:58', 'sales_payment_details', 'insert', 1, '127.0.0.1'),
	(231, '2013-03-27 23:52:59', 'sales_payment_details', 'insert', 1, '127.0.0.1'),
	(232, '2013-03-27 23:53:01', 'sales_payment_details', 'insert', 1, '127.0.0.1'),
	(233, '2013-03-27 23:53:02', 'sales_payment_details', 'insert', 1, '127.0.0.1'),
	(234, '2013-03-27 23:53:03', 'sales_payment_details', 'insert', 1, '127.0.0.1'),
	(235, '2013-03-27 23:54:07', 'sales_payment_details', 'insert', 1, '127.0.0.1'),
	(236, '2013-03-30 22:05:57', 'login_trace', 'insert', 1, '127.0.0.1'),
	(237, '2013-03-30 22:21:37', 'sales', 'insert', 1, '127.0.0.1'),
	(238, '2013-03-30 22:21:37', 'sales_payment_details', 'insert', 1, '127.0.0.1'),
	(239, '2013-03-30 22:49:34', 'sales', 'insert', 1, '127.0.0.1'),
	(240, '2013-03-30 22:49:34', 'sales_payment_details', 'insert', 1, '127.0.0.1'),
	(241, '2013-04-01 23:29:03', 'login_trace', 'insert', 1, '127.0.0.1'),
	(242, '2013-04-02 22:54:41', 'login_trace', 'insert', 1, '127.0.0.1'),
	(243, '2013-04-04 22:58:23', 'login_trace', 'insert', 1, '127.0.0.1'),
	(244, '2013-04-04 23:46:40', 'sales', 'insert', 1, '127.0.0.1'),
	(245, '2013-04-04 23:46:40', 'sales_payment_details', 'insert', 1, '127.0.0.1'),
	(246, '2013-04-05 23:00:50', 'login_trace', 'insert', 1, '127.0.0.1');
/*!40000 ALTER TABLE `update_history_main_php` ENABLE KEYS */;


-- Dumping structure for table spice.users
DROP TABLE IF EXISTS `users`;
CREATE TABLE IF NOT EXISTS `users` (
  `id` int(10) NOT NULL AUTO_INCREMENT,
  `uname` varchar(255) NOT NULL,
  `password` varchar(255) NOT NULL,
  `firstname` varchar(255) NOT NULL,
  `lastname` varchar(255) NOT NULL,
  `status` enum('1','0') NOT NULL DEFAULT '1',
  `date_added` timestamp NOT NULL DEFAULT CURRENT_TIMESTAMP,
  `created_by` int(10) DEFAULT NULL,
  `last_modified_by` int(10) NOT NULL,
  `last_modified` timestamp NOT NULL DEFAULT '0000-00-00 00:00:00',
  `ip_address` varchar(50) NOT NULL,
  PRIMARY KEY (`id`)
) ENGINE=InnoDB AUTO_INCREMENT=2 DEFAULT CHARSET=latin1;

-- Dumping data for table spice.users: ~1 rows (approximately)
DELETE FROM `users`;
/*!40000 ALTER TABLE `users` DISABLE KEYS */;
INSERT INTO `users` (`id`, `uname`, `password`, `firstname`, `lastname`, `status`, `date_added`, `created_by`, `last_modified_by`, `last_modified`, `ip_address`) VALUES
	(1, 'narendra', '12345', 'Narendra', 'Kumar', '1', '2013-03-14 00:22:59', NULL, 0, '0000-00-00 00:00:00', '');
/*!40000 ALTER TABLE `users` ENABLE KEYS */;
/*!40014 SET FOREIGN_KEY_CHECKS=1 */;
/*!40101 SET CHARACTER_SET_CLIENT=@OLD_CHARACTER_SET_CLIENT */;
